{
  "type": "tram",
  "route_ref": "3",
  "subtype": null,
  "schedules": [
    {
      "code": "FIXME Делник 2024-01-22",
      "is_weekend": false,
      "start_date": "2024-01-22",
      "end_date": "2024-05-03"
    },
    {
      "code": "FIXME Събота Неделя 2024-02-10",
      "is_weekend": true,
      "start_date": "2024-02-10",
      "end_date": "2024-05-03"
    },
    {
      "code": "FIXME Делник 2024-05-07",
      "is_weekend": false,
      "start_date": "2024-05-07",
      "end_date": "2024-06-30"
    },
    {
      "code": "FIXME Събота Неделя 2024-05-04",
      "is_weekend": true,
      "start_date": "2024-05-04",
      "end_date": "2024-05-04"
    },
    {
      "code": "FIXME Събота Неделя 2024-02-10",
      "is_weekend": true,
      "start_date": "2024-02-10",
      "end_date": "2024-05-06"
    },
    {
      "code": "FIXME Събота Неделя 2024-05-11",
      "is_weekend": true,
      "start_date": "2024-05-11",
      "end_date": "2024-06-30"
    },
    {
      "code": "FIXME Делник ",
      "is_weekend": false,
      "start_date": "2024-08-02",
      "end_date": "2025-02-09"
    },
    {
      "code": "FIXME Събота Неделя ",
      "is_weekend": true,
      "start_date": "2024-08-02",
      "end_date": "2025-02-09"
    },
    {
      "code": "Делник 176-5-5-5-3-01-25 E",
      "is_weekend": false,
      "start_date": "2025-02-10",
      "end_date": "2025-03-08"
    },
    {
      "code": "Предпр., Пр. 177-4-4-4-3-01-25",
      "is_weekend": true,
      "start_date": "2025-02-10",
      "end_date": "2025-03-08"
    },
    {
      "code": "Делник 176-5-5-5-3-01-25 E",
      "is_weekend": false,
      "start_date": "2025-03-10",
      "end_date": "2025-06-27"
    },
    {
      "code": "Предпр., Пр. 177-4-4-4-3-01-25",
      "is_weekend": true,
      "start_date": "2025-03-10",
      "end_date": "2025-07-09"
    },
    {
      "code": "Делник 178-4-4-4-3-07-25 E",
      "is_weekend": false,
      "start_date": "2025-06-28",
      "end_date": "2025-07-09"
    },
    {
      "code": "Делник 179-4-4-4-3-07-25 E",
      "is_weekend": false,
      "start_date": "2025-07-10",
      "end_date": "2025-09-12"
    },
    {
      "code": "Предпр., Пр. 180-4-4-4-3-07-25",
      "is_weekend": true,
      "start_date": "2025-07-10",
      "end_date": "2025-09-14"
    },
    {
      "code": "Делник 181-5-4-5-4-09-25 E",
      "is_weekend": false,
      "start_date": "2025-09-13",
      "end_date": "2024-03-22"
    },
    {
      "code": "Предпр., Пр. 177-4-4-4-3-01-25",
      "is_weekend": true,
      "start_date": "2025-09-15",
      "end_date": "2024-03-22"
    },
    {
      "code": "FIXME Делник 2024-01-22",
      "is_weekend": false,
      "start_date": "2024-01-22",
      "end_date": "2024-05-03"
    },
    {
      "code": "FIXME Събота Неделя 2024-02-10",
      "is_weekend": true,
      "start_date": "2024-02-10",
      "end_date": "2024-05-03"
    },
    {
      "code": "FIXME Делник 2024-05-07",
      "is_weekend": false,
      "start_date": "2024-05-07",
      "end_date": "2024-06-30"
    },
    {
      "code": "FIXME Събота Неделя 2024-05-04",
      "is_weekend": true,
      "start_date": "2024-05-04",
      "end_date": "2024-05-04"
    },
    {
      "code": "FIXME Събота Неделя 2024-02-10",
      "is_weekend": true,
      "start_date": "2024-02-10",
      "end_date": "2024-05-06"
    },
    {
      "code": "FIXME Събота Неделя 2024-05-11",
      "is_weekend": true,
      "start_date": "2024-05-11",
      "end_date": "2024-06-30"
    },
    {
      "code": "FIXME Делник ",
      "is_weekend": false,
      "start_date": "2024-08-02",
      "end_date": "2025-02-09"
    },
    {
      "code": "FIXME Събота Неделя ",
      "is_weekend": true,
      "start_date": "2024-08-02",
      "end_date": "2025-02-09"
    },
    {
      "code": "Делник 176-5-5-5-3-01-25 E",
      "is_weekend": false,
      "start_date": "2025-02-10",
      "end_date": "2025-03-08"
    },
    {
      "code": "Предпр., Пр. 177-4-4-4-3-01-25",
      "is_weekend": true,
      "start_date": "2025-02-10",
      "end_date": "2025-03-08"
    },
    {
      "code": "Делник 176-5-5-5-3-01-25 E",
      "is_weekend": false,
      "start_date": "2025-03-10",
      "end_date": "2025-06-27"
    },
    {
      "code": "Предпр., Пр. 177-4-4-4-3-01-25",
      "is_weekend": true,
      "start_date": "2025-03-10",
      "end_date": "2025-07-09"
    },
    {
      "code": "Делник 178-4-4-4-3-07-25 E",
      "is_weekend": false,
      "start_date": "2025-06-28",
      "end_date": "2025-07-09"
    },
    {
      "code": "Делник 179-4-4-4-3-07-25 E",
      "is_weekend": false,
      "start_date": "2025-07-10",
      "end_date": "2025-09-12"
    },
    {
      "code": "Предпр., Пр. 180-4-4-4-3-07-25",
      "is_weekend": true,
      "start_date": "2025-07-10",
      "end_date": "2025-09-14"
    },
    {
      "code": "Делник 181-5-4-5-4-09-25 E",
      "is_weekend": false,
      "start_date": "2025-09-13",
      "end_date": "2024-03-22"
    },
    {
      "code": "Предпр., Пр. 177-4-4-4-3-01-25",
      "is_weekend": true,
      "start_date": "2025-09-15",
      "end_date": "2024-03-22"
    },
    {
      "code": "FIXME Делник 2024-01-22",
      "is_weekend": false,
      "start_date": "2024-01-22",
      "end_date": "2024-05-03"
    },
    {
      "code": "FIXME Събота Неделя 2024-02-10",
      "is_weekend": true,
      "start_date": "2024-02-10",
      "end_date": "2024-05-03"
    },
    {
      "code": "FIXME Делник 2024-05-07",
      "is_weekend": false,
      "start_date": "2024-05-07",
      "end_date": "2024-06-30"
    },
    {
      "code": "FIXME Събота Неделя 2024-05-04",
      "is_weekend": true,
      "start_date": "2024-05-04",
      "end_date": "2024-05-04"
    },
    {
      "code": "FIXME Събота Неделя 2024-02-10",
      "is_weekend": true,
      "start_date": "2024-02-10",
      "end_date": "2024-05-06"
    },
    {
      "code": "FIXME Събота Неделя 2024-05-11",
      "is_weekend": true,
      "start_date": "2024-05-11",
      "end_date": "2024-06-30"
    },
    {
      "code": "FIXME Делник ",
      "is_weekend": false,
      "start_date": "2024-08-02",
      "end_date": "2025-02-09"
    },
    {
      "code": "FIXME Събота Неделя ",
      "is_weekend": true,
      "start_date": "2024-08-02",
      "end_date": "2025-02-09"
    },
    {
      "code": "Делник 176-5-5-5-3-01-25 E",
      "is_weekend": false,
      "start_date": "2025-02-10",
      "end_date": "2025-03-08"
    },
    {
      "code": "Предпр., Пр. 177-4-4-4-3-01-25",
      "is_weekend": true,
      "start_date": "2025-02-10",
      "end_date": "2025-03-08"
    },
    {
      "code": "Делник 176-5-5-5-3-01-25 E",
      "is_weekend": false,
      "start_date": "2025-03-10",
      "end_date": "2025-06-27"
    },
    {
      "code": "Предпр., Пр. 177-4-4-4-3-01-25",
      "is_weekend": true,
      "start_date": "2025-03-10",
      "end_date": "2025-07-09"
    },
    {
      "code": "Делник 178-4-4-4-3-07-25 E",
      "is_weekend": false,
      "start_date": "2025-06-28",
      "end_date": "2025-07-09"
    },
    {
      "code": "Делник 179-4-4-4-3-07-25 E",
      "is_weekend": false,
      "start_date": "2025-07-10",
      "end_date": "2025-09-12"
    },
    {
      "code": "Предпр., Пр. 180-4-4-4-3-07-25",
      "is_weekend": true,
      "start_date": "2025-07-10",
      "end_date": "2025-09-14"
    },
    {
      "code": "Делник 181-5-4-5-4-09-25 E",
      "is_weekend": false,
      "start_date": "2025-09-13",
      "end_date": "2024-03-22"
    },
    {
      "code": "Предпр., Пр. 177-4-4-4-3-01-25",
      "is_weekend": true,
      "start_date": "2025-09-15",
      "end_date": "2024-03-22"
    },
    {
      "code": "FIXME Делник 2024-01-22",
      "is_weekend": false,
      "start_date": "2024-01-22",
      "end_date": "2024-05-03"
    },
    {
      "code": "FIXME Събота Неделя 2024-02-10",
      "is_weekend": true,
      "start_date": "2024-02-10",
      "end_date": "2024-05-03"
    },
    {
      "code": "FIXME Делник 2024-05-07",
      "is_weekend": false,
      "start_date": "2024-05-07",
      "end_date": "2024-06-30"
    },
    {
      "code": "FIXME Събота Неделя 2024-05-04",
      "is_weekend": true,
      "start_date": "2024-05-04",
      "end_date": "2024-05-04"
    },
    {
      "code": "FIXME Събота Неделя 2024-02-10",
      "is_weekend": true,
      "start_date": "2024-02-10",
      "end_date": "2024-05-06"
    },
    {
      "code": "FIXME Събота Неделя 2024-05-11",
      "is_weekend": true,
      "start_date": "2024-05-11",
      "end_date": "2024-06-30"
    },
    {
      "code": "FIXME Делник ",
      "is_weekend": false,
      "start_date": "2024-08-02",
      "end_date": "2025-02-09"
    },
    {
      "code": "FIXME Събота Неделя ",
      "is_weekend": true,
      "start_date": "2024-08-02",
      "end_date": "2025-02-09"
    },
    {
      "code": "Делник 176-5-5-5-3-01-25 E",
      "is_weekend": false,
      "start_date": "2025-02-10",
      "end_date": "2025-03-08"
    },
    {
      "code": "Предпр., Пр. 177-4-4-4-3-01-25",
      "is_weekend": true,
      "start_date": "2025-02-10",
      "end_date": "2025-03-08"
    },
    {
      "code": "Делник 176-5-5-5-3-01-25 E",
      "is_weekend": false,
      "start_date": "2025-03-10",
      "end_date": "2025-06-27"
    },
    {
      "code": "Предпр., Пр. 177-4-4-4-3-01-25",
      "is_weekend": true,
      "start_date": "2025-03-10",
      "end_date": "2025-07-09"
    },
    {
      "code": "Делник 178-4-4-4-3-07-25 E",
      "is_weekend": false,
      "start_date": "2025-06-28",
      "end_date": "2025-07-09"
    },
    {
      "code": "Делник 179-4-4-4-3-07-25 E",
      "is_weekend": false,
      "start_date": "2025-07-10",
      "end_date": "2025-09-12"
    },
    {
      "code": "Предпр., Пр. 180-4-4-4-3-07-25",
      "is_weekend": true,
      "start_date": "2025-07-10",
      "end_date": "2025-09-14"
    },
    {
      "code": "Делник 181-5-4-5-4-09-25 E",
      "is_weekend": false,
      "start_date": "2025-09-13",
      "end_date": "2024-03-22"
    },
    {
      "code": "Предпр., Пр. 177-4-4-4-3-01-25",
      "is_weekend": true,
      "start_date": "2025-09-15",
      "end_date": "2024-03-22"
    },
    {
      "code": "FIXME Делник 2024-01-22",
      "is_weekend": false,
      "start_date": "2024-01-22",
      "end_date": "2024-05-03"
    },
    {
      "code": "FIXME Събота Неделя 2024-02-10",
      "is_weekend": true,
      "start_date": "2024-02-10",
      "end_date": "2024-05-03"
    },
    {
      "code": "FIXME Делник 2024-05-07",
      "is_weekend": false,
      "start_date": "2024-05-07",
      "end_date": "2024-06-30"
    },
    {
      "code": "FIXME Събота Неделя 2024-05-04",
      "is_weekend": true,
      "start_date": "2024-05-04",
      "end_date": "2024-05-04"
    },
    {
      "code": "FIXME Събота Неделя 2024-02-10",
      "is_weekend": true,
      "start_date": "2024-02-10",
      "end_date": "2024-05-06"
    },
    {
      "code": "FIXME Събота Неделя 2024-05-11",
      "is_weekend": true,
      "start_date": "2024-05-11",
      "end_date": "2024-06-30"
    },
    {
      "code": "FIXME Делник ",
      "is_weekend": false,
      "start_date": "2024-08-02",
      "end_date": "2025-02-09"
    },
    {
      "code": "FIXME Събота Неделя ",
      "is_weekend": true,
      "start_date": "2024-08-02",
      "end_date": "2025-02-09"
    },
    {
      "code": "Делник 176-5-5-5-3-01-25 E",
      "is_weekend": false,
      "start_date": "2025-02-10",
      "end_date": "2025-03-08"
    },
    {
      "code": "Предпр., Пр. 177-4-4-4-3-01-25",
      "is_weekend": true,
      "start_date": "2025-02-10",
      "end_date": "2025-03-08"
    },
    {
      "code": "Делник 176-5-5-5-3-01-25 E",
      "is_weekend": false,
      "start_date": "2025-03-10",
      "end_date": "2025-06-27"
    },
    {
      "code": "Предпр., Пр. 177-4-4-4-3-01-25",
      "is_weekend": true,
      "start_date": "2025-03-10",
      "end_date": "2025-07-09"
    },
    {
      "code": "Делник 178-4-4-4-3-07-25 E",
      "is_weekend": false,
      "start_date": "2025-06-28",
      "end_date": "2025-07-09"
    },
    {
      "code": "Делник 179-4-4-4-3-07-25 E",
      "is_weekend": false,
      "start_date": "2025-07-10",
      "end_date": "2025-09-12"
    },
    {
      "code": "Предпр., Пр. 180-4-4-4-3-07-25",
      "is_weekend": true,
      "start_date": "2025-07-10",
      "end_date": "2025-09-14"
    },
    {
      "code": "Делник 181-5-4-5-4-09-25 E",
      "is_weekend": false,
      "start_date": "2025-09-13",
      "end_date": "2024-03-22"
    },
    {
      "code": "Предпр., Пр. 177-4-4-4-3-01-25",
      "is_weekend": true,
      "start_date": "2025-09-15",
      "end_date": "2024-03-22"
    },
    {
      "code": "FIXME Делник 2024-01-22",
      "is_weekend": false,
      "start_date": "2024-01-22",
      "end_date": "2024-05-03"
    },
    {
      "code": "FIXME Събота Неделя 2024-02-10",
      "is_weekend": true,
      "start_date": "2024-02-10",
      "end_date": "2024-05-03"
    },
    {
      "code": "FIXME Делник 2024-05-07",
      "is_weekend": false,
      "start_date": "2024-05-07",
      "end_date": "2024-06-30"
    },
    {
      "code": "FIXME Събота Неделя 2024-05-04",
      "is_weekend": true,
      "start_date": "2024-05-04",
      "end_date": "2024-05-04"
    },
    {
      "code": "FIXME Събота Неделя 2024-02-10",
      "is_weekend": true,
      "start_date": "2024-02-10",
      "end_date": "2024-05-06"
    },
    {
      "code": "FIXME Събота Неделя 2024-05-11",
      "is_weekend": true,
      "start_date": "2024-05-11",
      "end_date": "2024-06-30"
    },
    {
      "code": "FIXME Делник ",
      "is_weekend": false,
      "start_date": "2024-08-02",
      "end_date": "2025-02-09"
    },
    {
      "code": "FIXME Събота Неделя ",
      "is_weekend": true,
      "start_date": "2024-08-02",
      "end_date": "2025-02-09"
    },
    {
      "code": "Делник 176-5-5-5-3-01-25 E",
      "is_weekend": false,
      "start_date": "2025-02-10",
      "end_date": "2025-03-08"
    },
    {
      "code": "Предпр., Пр. 177-4-4-4-3-01-25",
      "is_weekend": true,
      "start_date": "2025-02-10",
      "end_date": "2025-03-08"
    },
    {
      "code": "Делник 176-5-5-5-3-01-25 E",
      "is_weekend": false,
      "start_date": "2025-03-10",
      "end_date": "2025-06-27"
    },
    {
      "code": "Предпр., Пр. 177-4-4-4-3-01-25",
      "is_weekend": true,
      "start_date": "2025-03-10",
      "end_date": "2025-07-09"
    },
    {
      "code": "Делник 178-4-4-4-3-07-25 E",
      "is_weekend": false,
      "start_date": "2025-06-28",
      "end_date": "2025-07-09"
    },
    {
      "code": "Делник 179-4-4-4-3-07-25 E",
      "is_weekend": false,
      "start_date": "2025-07-10",
      "end_date": "2025-09-12"
    },
    {
      "code": "Предпр., Пр. 180-4-4-4-3-07-25",
      "is_weekend": true,
      "start_date": "2025-07-10",
      "end_date": "2025-09-14"
    },
    {
      "code": "Делник 181-5-4-5-4-09-25 E",
      "is_weekend": false,
      "start_date": "2025-09-13",
      "end_date": "2024-03-22"
    },
    {
      "code": "Предпр., Пр. 177-4-4-4-3-01-25",
      "is_weekend": true,
      "start_date": "2025-09-15",
      "end_date": "2024-03-22"
    },
    {
      "code": "FIXME Делник 2024-01-22",
      "is_weekend": false,
      "start_date": "2024-01-22",
      "end_date": "2024-05-03"
    },
    {
      "code": "FIXME Събота Неделя 2024-02-10",
      "is_weekend": true,
      "start_date": "2024-02-10",
      "end_date": "2024-05-03"
    },
    {
      "code": "FIXME Делник 2024-05-07",
      "is_weekend": false,
      "start_date": "2024-05-07",
      "end_date": "2024-06-30"
    },
    {
      "code": "FIXME Събота Неделя 2024-05-04",
      "is_weekend": true,
      "start_date": "2024-05-04",
      "end_date": "2024-05-04"
    },
    {
      "code": "FIXME Събота Неделя 2024-02-10",
      "is_weekend": true,
      "start_date": "2024-02-10",
      "end_date": "2024-05-06"
    },
    {
      "code": "FIXME Събота Неделя 2024-05-11",
      "is_weekend": true,
      "start_date": "2024-05-11",
      "end_date": "2024-06-30"
    },
    {
      "code": "FIXME Делник ",
      "is_weekend": false,
      "start_date": "2024-08-02",
      "end_date": "2025-02-09"
    },
    {
      "code": "FIXME Събота Неделя ",
      "is_weekend": true,
      "start_date": "2024-08-02",
      "end_date": "2025-02-09"
    },
    {
      "code": "Делник 176-5-5-5-3-01-25 E",
      "is_weekend": false,
      "start_date": "2025-02-10",
      "end_date": "2025-03-08"
    },
    {
      "code": "Предпр., Пр. 177-4-4-4-3-01-25",
      "is_weekend": true,
      "start_date": "2025-02-10",
      "end_date": "2025-03-08"
    },
    {
      "code": "Делник 176-5-5-5-3-01-25 E",
      "is_weekend": false,
      "start_date": "2025-03-10",
      "end_date": "2025-06-27"
    },
    {
      "code": "Предпр., Пр. 177-4-4-4-3-01-25",
      "is_weekend": true,
      "start_date": "2025-03-10",
      "end_date": "2025-07-09"
    },
    {
      "code": "Делник 178-4-4-4-3-07-25 E",
      "is_weekend": false,
      "start_date": "2025-06-28",
      "end_date": "2025-07-09"
    },
    {
      "code": "Делник 179-4-4-4-3-07-25 E",
      "is_weekend": false,
      "start_date": "2025-07-10",
      "end_date": "2025-09-12"
    },
    {
      "code": "Предпр., Пр. 180-4-4-4-3-07-25",
      "is_weekend": true,
      "start_date": "2025-07-10",
      "end_date": "2025-09-14"
    },
    {
      "code": "Делник 181-5-4-5-4-09-25 E",
      "is_weekend": false,
      "start_date": "2025-09-13"
    },
    {
      "code": "Предпр., Пр. 177-4-4-4-3-01-25",
      "is_weekend": true,
      "start_date": "2025-09-15"
    }
  ]
}