{
  "type": "tram",
  "route_ref": "3А",
  "subtype": null,
  "schedules": [
    {
      "code": "FIXME Събота 2024-06-22",
      "is_weekend": "010",
      "start_date": "2024-06-22",
      "end_date": "2024-06-24"
    },
    {
      "code": "FIXME Събота Неделя ",
      "is_weekend": true,
      "start_date": "2024-11-03",
      "end_date": "2024-11-03"
    },
    {
      "code": "FIXME Събота 2024-06-22",
      "is_weekend": "010",
      "start_date": "2024-06-22",
      "end_date": "2024-06-24"
    },
    {
      "code": "FIXME Събота Неделя ",
      "is_weekend": true,
      "start_date": "2024-11-03",
      "end_date": "2024-11-03"
    },
    {
      "code": "FIXME Събота 2024-06-22",
      "is_weekend": "010",
      "start_date": "2024-06-22",
      "end_date": "2024-06-24"
    },
    {
      "code": "FIXME Събота Неделя ",
      "is_weekend": true,
      "start_date": "2024-11-03",
      "end_date": "2024-11-03"
    },
    {
      "code": "FIXME Събота 2024-06-22",
      "is_weekend": "010",
      "start_date": "2024-06-22",
      "end_date": "2024-06-24"
    },
    {
      "code": "FIXME Събота Неделя ",
      "is_weekend": true,
      "start_date": "2024-11-03",
      "end_date": "2024-11-03"
    },
    {
      "code": "FIXME Събота 2024-06-22",
      "is_weekend": "010",
      "start_date": "2024-06-22",
      "end_date": "2024-06-24"
    },
    {
      "code": "FIXME Събота Неделя ",
      "is_weekend": true,
      "start_date": "2024-11-03",
      "end_date": "2024-11-03"
    },
    {
      "code": "FIXME Събота 2024-06-22",
      "is_weekend": "010",
      "start_date": "2024-06-22",
      "end_date": "2024-06-24"
    },
    {
      "code": "FIXME Събота Неделя ",
      "is_weekend": true,
      "start_date": "2024-11-03",
      "end_date": "2024-11-03"
    },
    {
      "code": "FIXME Събота 2024-06-22",
      "is_weekend": "010",
      "start_date": "2024-06-22",
      "end_date": "2024-06-24"
    },
    {
      "code": "FIXME Събота Неделя ",
      "is_weekend": true,
      "start_date": "2024-11-03",
      "end_date": "2024-11-03"
    },
    {
      "code": "FIXME Събота 2024-06-22",
      "is_weekend": "010",
      "start_date": "2024-06-22",
      "end_date": "2024-06-24"
    },
    {
      "code": "FIXME Събота Неделя ",
      "is_weekend": true,
      "start_date": "2024-11-03",
      "end_date": "2024-11-03"
    }
  ]
}