{
  "type": "tram",
  "route_ref": "4",
  "subtype": null,
  "schedules": [
    {
      "code": "FIXME Делник 2024-03-14",
      "is_weekend": false,
      "start_date": "2024-03-14",
      "end_date": "2024-05-03"
    },
    {
      "code": "FIXME Събота Неделя 2024-03-16",
      "is_weekend": true,
      "start_date": "2024-03-16",
      "end_date": "2024-05-06"
    },
    {
      "code": "FIXME Делник 2024-05-07",
      "is_weekend": false,
      "start_date": "2024-05-07",
      "end_date": "2024-06-14"
    },
    {
      "code": "FIXME Събота Неделя 2024-05-11",
      "is_weekend": true,
      "start_date": "2024-05-11",
      "end_date": "2024-05-22"
    },
    {
      "code": "FIXME Събота Неделя 1970-01-01",
      "is_weekend": true,
      "start_date": "1970-01-01",
      "end_date": "2024-05-24"
    },
    {
      "code": "FIXME Събота Неделя 2024-05-25",
      "is_weekend": true,
      "start_date": "2024-05-25",
      "end_date": "2024-05-25"
    },
    {
      "code": "FIXME Събота Неделя 2024-05-26",
      "is_weekend": true,
      "start_date": "2024-05-26",
      "end_date": "2024-06-13"
    },
    {
      "code": "FIXME Събота 2024-06-15",
      "is_weekend": "010",
      "start_date": "2024-06-15",
      "end_date": "2024-06-16"
    },
    {
      "code": "FIXME Неделя 2024-06-16",
      "is_weekend": "001",
      "start_date": "2024-06-16",
      "end_date": "2024-06-16"
    },
    {
      "code": "FIXME Делник 2024-06-17",
      "is_weekend": false,
      "start_date": "2024-06-17",
      "end_date": "2024-06-30"
    },
    {
      "code": "FIXME Събота Неделя 2024-06-22",
      "is_weekend": true,
      "start_date": "2024-06-22",
      "end_date": "2024-06-30"
    },
    {
      "code": "FIXME Делник 2024-06-17",
      "is_weekend": false,
      "start_date": "2024-06-17",
      "end_date": "2024-08-01"
    },
    {
      "code": "FIXME Събота Неделя 2024-06-22",
      "is_weekend": true,
      "start_date": "2024-06-22",
      "end_date": "2024-08-01"
    },
    {
      "code": "FIXME Делник ",
      "is_weekend": false,
      "start_date": "2024-08-02",
      "end_date": "2025-02-09"
    },
    {
      "code": "FIXME Събота Неделя ",
      "is_weekend": true,
      "start_date": "2024-08-02",
      "end_date": "2025-02-09"
    },
    {
      "code": "Делник 264-6-6-6-3-09-24 Е3",
      "is_weekend": false,
      "start_date": "2025-02-10",
      "end_date": "2025-03-08"
    },
    {
      "code": "Предпр., Пр. 263-6-6-6-3-09-24",
      "is_weekend": true,
      "start_date": "2025-02-10",
      "end_date": "2025-03-08"
    },
    {
      "code": "Делник 264-6-6-6-3-09-24 Е3",
      "is_weekend": false,
      "start_date": "2025-03-10",
      "end_date": "2025-07-09"
    },
    {
      "code": "Предпр., Пр. 263-6-6-6-3-09-24",
      "is_weekend": true,
      "start_date": "2025-03-10",
      "end_date": "2025-07-09"
    },
    {
      "code": "Делник 272-6-6-6-3-07-25 Е3",
      "is_weekend": false,
      "start_date": "2025-07-10",
      "end_date": "2025-09-12"
    },
    {
      "code": "Предпр., Пр. 273-6-6-6-3-07-25",
      "is_weekend": true,
      "start_date": "2025-07-10",
      "end_date": "2025-07-17"
    },
    {
      "code": "Предпр., Пр. 274-6-6-6-3-07-25",
      "is_weekend": true,
      "start_date": "2025-07-18",
      "end_date": "2025-09-14"
    },
    {
      "code": "Делник 275-7-7-7-4-09-25 Е3",
      "is_weekend": false,
      "start_date": "2025-09-13",
      "end_date": "2025-09-26"
    },
    {
      "code": "Предпр., Пр. 276-6-6-6-3-09-25",
      "is_weekend": true,
      "start_date": "2025-09-15",
      "end_date": "2025-09-28"
    },
    {
      "code": "Делник 277-7-7-7-4-09-25 Е3",
      "is_weekend": false,
      "start_date": "2025-09-27",
      "end_date": "2024-03-22"
    },
    {
      "code": "Предпр., Пр. 278-6-6-6-3-09-25",
      "is_weekend": true,
      "start_date": "2025-09-29",
      "end_date": "2024-03-22"
    },
    {
      "code": "FIXME Делник 2024-03-14",
      "is_weekend": false,
      "start_date": "2024-03-14",
      "end_date": "2024-05-03"
    },
    {
      "code": "FIXME Събота Неделя 2024-03-16",
      "is_weekend": true,
      "start_date": "2024-03-16",
      "end_date": "2024-05-06"
    },
    {
      "code": "FIXME Делник 2024-05-07",
      "is_weekend": false,
      "start_date": "2024-05-07",
      "end_date": "2024-06-14"
    },
    {
      "code": "FIXME Събота Неделя 2024-05-11",
      "is_weekend": true,
      "start_date": "2024-05-11",
      "end_date": "2024-05-22"
    },
    {
      "code": "FIXME Събота Неделя 1970-01-01",
      "is_weekend": true,
      "start_date": "1970-01-01",
      "end_date": "2024-05-24"
    },
    {
      "code": "FIXME Събота Неделя 2024-05-25",
      "is_weekend": true,
      "start_date": "2024-05-25",
      "end_date": "2024-05-25"
    },
    {
      "code": "FIXME Събота Неделя 2024-05-26",
      "is_weekend": true,
      "start_date": "2024-05-26",
      "end_date": "2024-06-13"
    },
    {
      "code": "FIXME Събота 2024-06-15",
      "is_weekend": "010",
      "start_date": "2024-06-15",
      "end_date": "2024-06-16"
    },
    {
      "code": "FIXME Неделя 2024-06-16",
      "is_weekend": "001",
      "start_date": "2024-06-16",
      "end_date": "2024-06-16"
    },
    {
      "code": "FIXME Делник 2024-06-17",
      "is_weekend": false,
      "start_date": "2024-06-17",
      "end_date": "2024-06-30"
    },
    {
      "code": "FIXME Събота Неделя 2024-06-22",
      "is_weekend": true,
      "start_date": "2024-06-22",
      "end_date": "2024-06-30"
    },
    {
      "code": "FIXME Делник 2024-06-17",
      "is_weekend": false,
      "start_date": "2024-06-17",
      "end_date": "2024-08-01"
    },
    {
      "code": "FIXME Събота Неделя 2024-06-22",
      "is_weekend": true,
      "start_date": "2024-06-22",
      "end_date": "2024-08-01"
    },
    {
      "code": "FIXME Делник ",
      "is_weekend": false,
      "start_date": "2024-08-02",
      "end_date": "2025-02-09"
    },
    {
      "code": "FIXME Събота Неделя ",
      "is_weekend": true,
      "start_date": "2024-08-02",
      "end_date": "2025-02-09"
    },
    {
      "code": "Делник 264-6-6-6-3-09-24 Е3",
      "is_weekend": false,
      "start_date": "2025-02-10",
      "end_date": "2025-03-08"
    },
    {
      "code": "Предпр., Пр. 263-6-6-6-3-09-24",
      "is_weekend": true,
      "start_date": "2025-02-10",
      "end_date": "2025-03-08"
    },
    {
      "code": "Делник 264-6-6-6-3-09-24 Е3",
      "is_weekend": false,
      "start_date": "2025-03-10",
      "end_date": "2025-07-09"
    },
    {
      "code": "Предпр., Пр. 263-6-6-6-3-09-24",
      "is_weekend": true,
      "start_date": "2025-03-10",
      "end_date": "2025-07-09"
    },
    {
      "code": "Делник 272-6-6-6-3-07-25 Е3",
      "is_weekend": false,
      "start_date": "2025-07-10",
      "end_date": "2025-09-12"
    },
    {
      "code": "Предпр., Пр. 273-6-6-6-3-07-25",
      "is_weekend": true,
      "start_date": "2025-07-10",
      "end_date": "2025-07-17"
    },
    {
      "code": "Предпр., Пр. 274-6-6-6-3-07-25",
      "is_weekend": true,
      "start_date": "2025-07-18",
      "end_date": "2025-09-14"
    },
    {
      "code": "Делник 275-7-7-7-4-09-25 Е3",
      "is_weekend": false,
      "start_date": "2025-09-13",
      "end_date": "2025-09-26"
    },
    {
      "code": "Предпр., Пр. 276-6-6-6-3-09-25",
      "is_weekend": true,
      "start_date": "2025-09-15",
      "end_date": "2025-09-28"
    },
    {
      "code": "Делник 277-7-7-7-4-09-25 Е3",
      "is_weekend": false,
      "start_date": "2025-09-27",
      "end_date": "2024-03-22"
    },
    {
      "code": "Предпр., Пр. 278-6-6-6-3-09-25",
      "is_weekend": true,
      "start_date": "2025-09-29",
      "end_date": "2024-03-22"
    },
    {
      "code": "FIXME Делник 2024-03-14",
      "is_weekend": false,
      "start_date": "2024-03-14",
      "end_date": "2024-05-03"
    },
    {
      "code": "FIXME Събота Неделя 2024-03-16",
      "is_weekend": true,
      "start_date": "2024-03-16",
      "end_date": "2024-05-06"
    },
    {
      "code": "FIXME Делник 2024-05-07",
      "is_weekend": false,
      "start_date": "2024-05-07",
      "end_date": "2024-06-14"
    },
    {
      "code": "FIXME Събота Неделя 2024-05-11",
      "is_weekend": true,
      "start_date": "2024-05-11",
      "end_date": "2024-05-22"
    },
    {
      "code": "FIXME Събота Неделя 1970-01-01",
      "is_weekend": true,
      "start_date": "1970-01-01",
      "end_date": "2024-05-24"
    },
    {
      "code": "FIXME Събота Неделя 2024-05-25",
      "is_weekend": true,
      "start_date": "2024-05-25",
      "end_date": "2024-05-25"
    },
    {
      "code": "FIXME Събота Неделя 2024-05-26",
      "is_weekend": true,
      "start_date": "2024-05-26",
      "end_date": "2024-06-13"
    },
    {
      "code": "FIXME Събота 2024-06-15",
      "is_weekend": "010",
      "start_date": "2024-06-15",
      "end_date": "2024-06-16"
    },
    {
      "code": "FIXME Неделя 2024-06-16",
      "is_weekend": "001",
      "start_date": "2024-06-16",
      "end_date": "2024-06-16"
    },
    {
      "code": "FIXME Делник 2024-06-17",
      "is_weekend": false,
      "start_date": "2024-06-17",
      "end_date": "2024-06-30"
    },
    {
      "code": "FIXME Събота Неделя 2024-06-22",
      "is_weekend": true,
      "start_date": "2024-06-22",
      "end_date": "2024-06-30"
    },
    {
      "code": "FIXME Делник 2024-06-17",
      "is_weekend": false,
      "start_date": "2024-06-17",
      "end_date": "2024-08-01"
    },
    {
      "code": "FIXME Събота Неделя 2024-06-22",
      "is_weekend": true,
      "start_date": "2024-06-22",
      "end_date": "2024-08-01"
    },
    {
      "code": "FIXME Делник ",
      "is_weekend": false,
      "start_date": "2024-08-02",
      "end_date": "2025-02-09"
    },
    {
      "code": "FIXME Събота Неделя ",
      "is_weekend": true,
      "start_date": "2024-08-02",
      "end_date": "2025-02-09"
    },
    {
      "code": "Делник 264-6-6-6-3-09-24 Е3",
      "is_weekend": false,
      "start_date": "2025-02-10",
      "end_date": "2025-03-08"
    },
    {
      "code": "Предпр., Пр. 263-6-6-6-3-09-24",
      "is_weekend": true,
      "start_date": "2025-02-10",
      "end_date": "2025-03-08"
    },
    {
      "code": "Делник 264-6-6-6-3-09-24 Е3",
      "is_weekend": false,
      "start_date": "2025-03-10",
      "end_date": "2025-07-09"
    },
    {
      "code": "Предпр., Пр. 263-6-6-6-3-09-24",
      "is_weekend": true,
      "start_date": "2025-03-10",
      "end_date": "2025-07-09"
    },
    {
      "code": "Делник 272-6-6-6-3-07-25 Е3",
      "is_weekend": false,
      "start_date": "2025-07-10",
      "end_date": "2025-09-12"
    },
    {
      "code": "Предпр., Пр. 273-6-6-6-3-07-25",
      "is_weekend": true,
      "start_date": "2025-07-10",
      "end_date": "2025-07-17"
    },
    {
      "code": "Предпр., Пр. 274-6-6-6-3-07-25",
      "is_weekend": true,
      "start_date": "2025-07-18",
      "end_date": "2025-09-14"
    },
    {
      "code": "Делник 275-7-7-7-4-09-25 Е3",
      "is_weekend": false,
      "start_date": "2025-09-13",
      "end_date": "2025-09-26"
    },
    {
      "code": "Предпр., Пр. 276-6-6-6-3-09-25",
      "is_weekend": true,
      "start_date": "2025-09-15",
      "end_date": "2025-09-28"
    },
    {
      "code": "Делник 277-7-7-7-4-09-25 Е3",
      "is_weekend": false,
      "start_date": "2025-09-27",
      "end_date": "2024-03-22"
    },
    {
      "code": "Предпр., Пр. 278-6-6-6-3-09-25",
      "is_weekend": true,
      "start_date": "2025-09-29",
      "end_date": "2024-03-22"
    },
    {
      "code": "FIXME Делник 2024-03-14",
      "is_weekend": false,
      "start_date": "2024-03-14",
      "end_date": "2024-05-03"
    },
    {
      "code": "FIXME Събота Неделя 2024-03-16",
      "is_weekend": true,
      "start_date": "2024-03-16",
      "end_date": "2024-05-06"
    },
    {
      "code": "FIXME Делник 2024-05-07",
      "is_weekend": false,
      "start_date": "2024-05-07",
      "end_date": "2024-06-14"
    },
    {
      "code": "FIXME Събота Неделя 2024-05-11",
      "is_weekend": true,
      "start_date": "2024-05-11",
      "end_date": "2024-05-22"
    },
    {
      "code": "FIXME Събота Неделя 1970-01-01",
      "is_weekend": true,
      "start_date": "1970-01-01",
      "end_date": "2024-05-24"
    },
    {
      "code": "FIXME Събота Неделя 2024-05-25",
      "is_weekend": true,
      "start_date": "2024-05-25",
      "end_date": "2024-05-25"
    },
    {
      "code": "FIXME Събота Неделя 2024-05-26",
      "is_weekend": true,
      "start_date": "2024-05-26",
      "end_date": "2024-06-13"
    },
    {
      "code": "FIXME Събота 2024-06-15",
      "is_weekend": "010",
      "start_date": "2024-06-15",
      "end_date": "2024-06-16"
    },
    {
      "code": "FIXME Неделя 2024-06-16",
      "is_weekend": "001",
      "start_date": "2024-06-16",
      "end_date": "2024-06-16"
    },
    {
      "code": "FIXME Делник 2024-06-17",
      "is_weekend": false,
      "start_date": "2024-06-17",
      "end_date": "2024-06-30"
    },
    {
      "code": "FIXME Събота Неделя 2024-06-22",
      "is_weekend": true,
      "start_date": "2024-06-22",
      "end_date": "2024-06-30"
    },
    {
      "code": "FIXME Делник 2024-06-17",
      "is_weekend": false,
      "start_date": "2024-06-17",
      "end_date": "2024-08-01"
    },
    {
      "code": "FIXME Събота Неделя 2024-06-22",
      "is_weekend": true,
      "start_date": "2024-06-22",
      "end_date": "2024-08-01"
    },
    {
      "code": "FIXME Делник ",
      "is_weekend": false,
      "start_date": "2024-08-02",
      "end_date": "2025-02-09"
    },
    {
      "code": "FIXME Събота Неделя ",
      "is_weekend": true,
      "start_date": "2024-08-02",
      "end_date": "2025-02-09"
    },
    {
      "code": "Делник 264-6-6-6-3-09-24 Е3",
      "is_weekend": false,
      "start_date": "2025-02-10",
      "end_date": "2025-03-08"
    },
    {
      "code": "Предпр., Пр. 263-6-6-6-3-09-24",
      "is_weekend": true,
      "start_date": "2025-02-10",
      "end_date": "2025-03-08"
    },
    {
      "code": "Делник 264-6-6-6-3-09-24 Е3",
      "is_weekend": false,
      "start_date": "2025-03-10",
      "end_date": "2025-07-09"
    },
    {
      "code": "Предпр., Пр. 263-6-6-6-3-09-24",
      "is_weekend": true,
      "start_date": "2025-03-10",
      "end_date": "2025-07-09"
    },
    {
      "code": "Делник 272-6-6-6-3-07-25 Е3",
      "is_weekend": false,
      "start_date": "2025-07-10",
      "end_date": "2025-09-12"
    },
    {
      "code": "Предпр., Пр. 273-6-6-6-3-07-25",
      "is_weekend": true,
      "start_date": "2025-07-10",
      "end_date": "2025-07-17"
    },
    {
      "code": "Предпр., Пр. 274-6-6-6-3-07-25",
      "is_weekend": true,
      "start_date": "2025-07-18",
      "end_date": "2025-09-14"
    },
    {
      "code": "Делник 275-7-7-7-4-09-25 Е3",
      "is_weekend": false,
      "start_date": "2025-09-13",
      "end_date": "2025-09-26"
    },
    {
      "code": "Предпр., Пр. 276-6-6-6-3-09-25",
      "is_weekend": true,
      "start_date": "2025-09-15",
      "end_date": "2025-09-28"
    },
    {
      "code": "Делник 277-7-7-7-4-09-25 Е3",
      "is_weekend": false,
      "start_date": "2025-09-27",
      "end_date": "2024-03-22"
    },
    {
      "code": "Предпр., Пр. 278-6-6-6-3-09-25",
      "is_weekend": true,
      "start_date": "2025-09-29",
      "end_date": "2024-03-22"
    },
    {
      "code": "FIXME Делник 2024-03-14",
      "is_weekend": false,
      "start_date": "2024-03-14",
      "end_date": "2024-05-03"
    },
    {
      "code": "FIXME Събота Неделя 2024-03-16",
      "is_weekend": true,
      "start_date": "2024-03-16",
      "end_date": "2024-05-06"
    },
    {
      "code": "FIXME Делник 2024-05-07",
      "is_weekend": false,
      "start_date": "2024-05-07",
      "end_date": "2024-06-14"
    },
    {
      "code": "FIXME Събота Неделя 2024-05-11",
      "is_weekend": true,
      "start_date": "2024-05-11",
      "end_date": "2024-05-22"
    },
    {
      "code": "FIXME Събота Неделя 1970-01-01",
      "is_weekend": true,
      "start_date": "1970-01-01",
      "end_date": "2024-05-24"
    },
    {
      "code": "FIXME Събота Неделя 2024-05-25",
      "is_weekend": true,
      "start_date": "2024-05-25",
      "end_date": "2024-05-25"
    },
    {
      "code": "FIXME Събота Неделя 2024-05-26",
      "is_weekend": true,
      "start_date": "2024-05-26",
      "end_date": "2024-06-13"
    },
    {
      "code": "FIXME Събота 2024-06-15",
      "is_weekend": "010",
      "start_date": "2024-06-15",
      "end_date": "2024-06-16"
    },
    {
      "code": "FIXME Неделя 2024-06-16",
      "is_weekend": "001",
      "start_date": "2024-06-16",
      "end_date": "2024-06-16"
    },
    {
      "code": "FIXME Делник 2024-06-17",
      "is_weekend": false,
      "start_date": "2024-06-17",
      "end_date": "2024-06-30"
    },
    {
      "code": "FIXME Събота Неделя 2024-06-22",
      "is_weekend": true,
      "start_date": "2024-06-22",
      "end_date": "2024-06-30"
    },
    {
      "code": "FIXME Делник 2024-06-17",
      "is_weekend": false,
      "start_date": "2024-06-17",
      "end_date": "2024-08-01"
    },
    {
      "code": "FIXME Събота Неделя 2024-06-22",
      "is_weekend": true,
      "start_date": "2024-06-22",
      "end_date": "2024-08-01"
    },
    {
      "code": "FIXME Делник ",
      "is_weekend": false,
      "start_date": "2024-08-02",
      "end_date": "2025-02-09"
    },
    {
      "code": "FIXME Събота Неделя ",
      "is_weekend": true,
      "start_date": "2024-08-02",
      "end_date": "2025-02-09"
    },
    {
      "code": "Делник 264-6-6-6-3-09-24 Е3",
      "is_weekend": false,
      "start_date": "2025-02-10",
      "end_date": "2025-03-08"
    },
    {
      "code": "Предпр., Пр. 263-6-6-6-3-09-24",
      "is_weekend": true,
      "start_date": "2025-02-10",
      "end_date": "2025-03-08"
    },
    {
      "code": "Делник 264-6-6-6-3-09-24 Е3",
      "is_weekend": false,
      "start_date": "2025-03-10",
      "end_date": "2025-07-09"
    },
    {
      "code": "Предпр., Пр. 263-6-6-6-3-09-24",
      "is_weekend": true,
      "start_date": "2025-03-10",
      "end_date": "2025-07-09"
    },
    {
      "code": "Делник 272-6-6-6-3-07-25 Е3",
      "is_weekend": false,
      "start_date": "2025-07-10",
      "end_date": "2025-09-12"
    },
    {
      "code": "Предпр., Пр. 273-6-6-6-3-07-25",
      "is_weekend": true,
      "start_date": "2025-07-10",
      "end_date": "2025-07-17"
    },
    {
      "code": "Предпр., Пр. 274-6-6-6-3-07-25",
      "is_weekend": true,
      "start_date": "2025-07-18",
      "end_date": "2025-09-14"
    },
    {
      "code": "Делник 275-7-7-7-4-09-25 Е3",
      "is_weekend": false,
      "start_date": "2025-09-13",
      "end_date": "2025-09-26"
    },
    {
      "code": "Предпр., Пр. 276-6-6-6-3-09-25",
      "is_weekend": true,
      "start_date": "2025-09-15",
      "end_date": "2025-09-28"
    },
    {
      "code": "Делник 277-7-7-7-4-09-25 Е3",
      "is_weekend": false,
      "start_date": "2025-09-27",
      "end_date": "2024-03-22"
    },
    {
      "code": "Предпр., Пр. 278-6-6-6-3-09-25",
      "is_weekend": true,
      "start_date": "2025-09-29",
      "end_date": "2024-03-22"
    },
    {
      "code": "FIXME Делник 2024-03-14",
      "is_weekend": false,
      "start_date": "2024-03-14",
      "end_date": "2024-05-03"
    },
    {
      "code": "FIXME Събота Неделя 2024-03-16",
      "is_weekend": true,
      "start_date": "2024-03-16",
      "end_date": "2024-05-06"
    },
    {
      "code": "FIXME Делник 2024-05-07",
      "is_weekend": false,
      "start_date": "2024-05-07",
      "end_date": "2024-06-14"
    },
    {
      "code": "FIXME Събота Неделя 2024-05-11",
      "is_weekend": true,
      "start_date": "2024-05-11",
      "end_date": "2024-05-22"
    },
    {
      "code": "FIXME Събота Неделя 1970-01-01",
      "is_weekend": true,
      "start_date": "1970-01-01",
      "end_date": "2024-05-24"
    },
    {
      "code": "FIXME Събота Неделя 2024-05-25",
      "is_weekend": true,
      "start_date": "2024-05-25",
      "end_date": "2024-05-25"
    },
    {
      "code": "FIXME Събота Неделя 2024-05-26",
      "is_weekend": true,
      "start_date": "2024-05-26",
      "end_date": "2024-06-13"
    },
    {
      "code": "FIXME Събота 2024-06-15",
      "is_weekend": "010",
      "start_date": "2024-06-15",
      "end_date": "2024-06-16"
    },
    {
      "code": "FIXME Неделя 2024-06-16",
      "is_weekend": "001",
      "start_date": "2024-06-16",
      "end_date": "2024-06-16"
    },
    {
      "code": "FIXME Делник 2024-06-17",
      "is_weekend": false,
      "start_date": "2024-06-17",
      "end_date": "2024-06-30"
    },
    {
      "code": "FIXME Събота Неделя 2024-06-22",
      "is_weekend": true,
      "start_date": "2024-06-22",
      "end_date": "2024-06-30"
    },
    {
      "code": "FIXME Делник 2024-06-17",
      "is_weekend": false,
      "start_date": "2024-06-17",
      "end_date": "2024-08-01"
    },
    {
      "code": "FIXME Събота Неделя 2024-06-22",
      "is_weekend": true,
      "start_date": "2024-06-22",
      "end_date": "2024-08-01"
    },
    {
      "code": "FIXME Делник ",
      "is_weekend": false,
      "start_date": "2024-08-02",
      "end_date": "2025-02-09"
    },
    {
      "code": "FIXME Събота Неделя ",
      "is_weekend": true,
      "start_date": "2024-08-02",
      "end_date": "2025-02-09"
    },
    {
      "code": "Делник 264-6-6-6-3-09-24 Е3",
      "is_weekend": false,
      "start_date": "2025-02-10",
      "end_date": "2025-03-08"
    },
    {
      "code": "Предпр., Пр. 263-6-6-6-3-09-24",
      "is_weekend": true,
      "start_date": "2025-02-10",
      "end_date": "2025-03-08"
    },
    {
      "code": "Делник 264-6-6-6-3-09-24 Е3",
      "is_weekend": false,
      "start_date": "2025-03-10",
      "end_date": "2025-07-09"
    },
    {
      "code": "Предпр., Пр. 263-6-6-6-3-09-24",
      "is_weekend": true,
      "start_date": "2025-03-10",
      "end_date": "2025-07-09"
    },
    {
      "code": "Делник 272-6-6-6-3-07-25 Е3",
      "is_weekend": false,
      "start_date": "2025-07-10",
      "end_date": "2025-09-12"
    },
    {
      "code": "Предпр., Пр. 273-6-6-6-3-07-25",
      "is_weekend": true,
      "start_date": "2025-07-10",
      "end_date": "2025-07-17"
    },
    {
      "code": "Предпр., Пр. 274-6-6-6-3-07-25",
      "is_weekend": true,
      "start_date": "2025-07-18",
      "end_date": "2025-09-14"
    },
    {
      "code": "Делник 275-7-7-7-4-09-25 Е3",
      "is_weekend": false,
      "start_date": "2025-09-13",
      "end_date": "2025-09-26"
    },
    {
      "code": "Предпр., Пр. 276-6-6-6-3-09-25",
      "is_weekend": true,
      "start_date": "2025-09-15",
      "end_date": "2025-09-28"
    },
    {
      "code": "Делник 277-7-7-7-4-09-25 Е3",
      "is_weekend": false,
      "start_date": "2025-09-27",
      "end_date": "2024-03-22"
    },
    {
      "code": "Предпр., Пр. 278-6-6-6-3-09-25",
      "is_weekend": true,
      "start_date": "2025-09-29",
      "end_date": "2024-03-22"
    },
    {
      "code": "FIXME Делник 2024-03-14",
      "is_weekend": false,
      "start_date": "2024-03-14",
      "end_date": "2024-05-03"
    },
    {
      "code": "FIXME Събота Неделя 2024-03-16",
      "is_weekend": true,
      "start_date": "2024-03-16",
      "end_date": "2024-05-06"
    },
    {
      "code": "FIXME Делник 2024-05-07",
      "is_weekend": false,
      "start_date": "2024-05-07",
      "end_date": "2024-06-14"
    },
    {
      "code": "FIXME Събота Неделя 2024-05-11",
      "is_weekend": true,
      "start_date": "2024-05-11",
      "end_date": "2024-05-22"
    },
    {
      "code": "FIXME Събота Неделя 1970-01-01",
      "is_weekend": true,
      "start_date": "1970-01-01",
      "end_date": "2024-05-24"
    },
    {
      "code": "FIXME Събота Неделя 2024-05-25",
      "is_weekend": true,
      "start_date": "2024-05-25",
      "end_date": "2024-05-25"
    },
    {
      "code": "FIXME Събота Неделя 2024-05-26",
      "is_weekend": true,
      "start_date": "2024-05-26",
      "end_date": "2024-06-13"
    },
    {
      "code": "FIXME Събота 2024-06-15",
      "is_weekend": "010",
      "start_date": "2024-06-15",
      "end_date": "2024-06-16"
    },
    {
      "code": "FIXME Неделя 2024-06-16",
      "is_weekend": "001",
      "start_date": "2024-06-16",
      "end_date": "2024-06-16"
    },
    {
      "code": "FIXME Делник 2024-06-17",
      "is_weekend": false,
      "start_date": "2024-06-17",
      "end_date": "2024-06-30"
    },
    {
      "code": "FIXME Събота Неделя 2024-06-22",
      "is_weekend": true,
      "start_date": "2024-06-22",
      "end_date": "2024-06-30"
    },
    {
      "code": "FIXME Делник 2024-06-17",
      "is_weekend": false,
      "start_date": "2024-06-17",
      "end_date": "2024-08-01"
    },
    {
      "code": "FIXME Събота Неделя 2024-06-22",
      "is_weekend": true,
      "start_date": "2024-06-22",
      "end_date": "2024-08-01"
    },
    {
      "code": "FIXME Делник ",
      "is_weekend": false,
      "start_date": "2024-08-02",
      "end_date": "2025-02-09"
    },
    {
      "code": "FIXME Събота Неделя ",
      "is_weekend": true,
      "start_date": "2024-08-02",
      "end_date": "2025-02-09"
    },
    {
      "code": "Делник 264-6-6-6-3-09-24 Е3",
      "is_weekend": false,
      "start_date": "2025-02-10",
      "end_date": "2025-03-08"
    },
    {
      "code": "Предпр., Пр. 263-6-6-6-3-09-24",
      "is_weekend": true,
      "start_date": "2025-02-10",
      "end_date": "2025-03-08"
    },
    {
      "code": "Делник 264-6-6-6-3-09-24 Е3",
      "is_weekend": false,
      "start_date": "2025-03-10",
      "end_date": "2025-07-09"
    },
    {
      "code": "Предпр., Пр. 263-6-6-6-3-09-24",
      "is_weekend": true,
      "start_date": "2025-03-10",
      "end_date": "2025-07-09"
    },
    {
      "code": "Делник 272-6-6-6-3-07-25 Е3",
      "is_weekend": false,
      "start_date": "2025-07-10",
      "end_date": "2025-09-12"
    },
    {
      "code": "Предпр., Пр. 273-6-6-6-3-07-25",
      "is_weekend": true,
      "start_date": "2025-07-10",
      "end_date": "2025-07-17"
    },
    {
      "code": "Предпр., Пр. 274-6-6-6-3-07-25",
      "is_weekend": true,
      "start_date": "2025-07-18",
      "end_date": "2025-09-14"
    },
    {
      "code": "Делник 275-7-7-7-4-09-25 Е3",
      "is_weekend": false,
      "start_date": "2025-09-13",
      "end_date": "2025-09-26"
    },
    {
      "code": "Предпр., Пр. 276-6-6-6-3-09-25",
      "is_weekend": true,
      "start_date": "2025-09-15",
      "end_date": "2025-09-28"
    },
    {
      "code": "Делник 277-7-7-7-4-09-25 Е3",
      "is_weekend": false,
      "start_date": "2025-09-27",
      "end_date": "2024-03-22"
    },
    {
      "code": "Предпр., Пр. 278-6-6-6-3-09-25",
      "is_weekend": true,
      "start_date": "2025-09-29",
      "end_date": "2024-03-22"
    },
    {
      "code": "FIXME Делник 2024-03-14",
      "is_weekend": false,
      "start_date": "2024-03-14",
      "end_date": "2024-05-03"
    },
    {
      "code": "FIXME Събота Неделя 2024-03-16",
      "is_weekend": true,
      "start_date": "2024-03-16",
      "end_date": "2024-05-06"
    },
    {
      "code": "FIXME Делник 2024-05-07",
      "is_weekend": false,
      "start_date": "2024-05-07",
      "end_date": "2024-06-14"
    },
    {
      "code": "FIXME Събота Неделя 2024-05-11",
      "is_weekend": true,
      "start_date": "2024-05-11",
      "end_date": "2024-05-22"
    },
    {
      "code": "FIXME Събота Неделя 1970-01-01",
      "is_weekend": true,
      "start_date": "1970-01-01",
      "end_date": "2024-05-24"
    },
    {
      "code": "FIXME Събота Неделя 2024-05-25",
      "is_weekend": true,
      "start_date": "2024-05-25",
      "end_date": "2024-05-25"
    },
    {
      "code": "FIXME Събота Неделя 2024-05-26",
      "is_weekend": true,
      "start_date": "2024-05-26",
      "end_date": "2024-06-13"
    },
    {
      "code": "FIXME Събота 2024-06-15",
      "is_weekend": "010",
      "start_date": "2024-06-15",
      "end_date": "2024-06-16"
    },
    {
      "code": "FIXME Неделя 2024-06-16",
      "is_weekend": "001",
      "start_date": "2024-06-16",
      "end_date": "2024-06-16"
    },
    {
      "code": "FIXME Делник 2024-06-17",
      "is_weekend": false,
      "start_date": "2024-06-17",
      "end_date": "2024-06-30"
    },
    {
      "code": "FIXME Събота Неделя 2024-06-22",
      "is_weekend": true,
      "start_date": "2024-06-22",
      "end_date": "2024-06-30"
    },
    {
      "code": "FIXME Делник 2024-06-17",
      "is_weekend": false,
      "start_date": "2024-06-17",
      "end_date": "2024-08-01"
    },
    {
      "code": "FIXME Събота Неделя 2024-06-22",
      "is_weekend": true,
      "start_date": "2024-06-22",
      "end_date": "2024-08-01"
    },
    {
      "code": "FIXME Делник ",
      "is_weekend": false,
      "start_date": "2024-08-02",
      "end_date": "2025-02-09"
    },
    {
      "code": "FIXME Събота Неделя ",
      "is_weekend": true,
      "start_date": "2024-08-02",
      "end_date": "2025-02-09"
    },
    {
      "code": "Делник 264-6-6-6-3-09-24 Е3",
      "is_weekend": false,
      "start_date": "2025-02-10",
      "end_date": "2025-03-08"
    },
    {
      "code": "Предпр., Пр. 263-6-6-6-3-09-24",
      "is_weekend": true,
      "start_date": "2025-02-10",
      "end_date": "2025-03-08"
    },
    {
      "code": "Делник 264-6-6-6-3-09-24 Е3",
      "is_weekend": false,
      "start_date": "2025-03-10",
      "end_date": "2025-07-09"
    },
    {
      "code": "Предпр., Пр. 263-6-6-6-3-09-24",
      "is_weekend": true,
      "start_date": "2025-03-10",
      "end_date": "2025-07-09"
    },
    {
      "code": "Делник 272-6-6-6-3-07-25 Е3",
      "is_weekend": false,
      "start_date": "2025-07-10",
      "end_date": "2025-09-12"
    },
    {
      "code": "Предпр., Пр. 273-6-6-6-3-07-25",
      "is_weekend": true,
      "start_date": "2025-07-10",
      "end_date": "2025-07-17"
    },
    {
      "code": "Предпр., Пр. 274-6-6-6-3-07-25",
      "is_weekend": true,
      "start_date": "2025-07-18",
      "end_date": "2025-09-14"
    },
    {
      "code": "Делник 275-7-7-7-4-09-25 Е3",
      "is_weekend": false,
      "start_date": "2025-09-13",
      "end_date": "2025-09-26"
    },
    {
      "code": "Предпр., Пр. 276-6-6-6-3-09-25",
      "is_weekend": true,
      "start_date": "2025-09-15",
      "end_date": "2025-09-28"
    },
    {
      "code": "Делник 277-7-7-7-4-09-25 Е3",
      "is_weekend": false,
      "start_date": "2025-09-27"
    },
    {
      "code": "Предпр., Пр. 278-6-6-6-3-09-25",
      "is_weekend": true,
      "start_date": "2025-09-29"
    }
  ]
}