{
  "type": "bus",
  "route_ref": "103",
  "subtype": null,
  "schedules": [
    {
      "code": "FIXME Събота Неделя 2024-02-10",
      "is_weekend": true,
      "start_date": "2024-02-10",
      "end_date": "2024-06-30"
    },
    {
      "code": "FIXME Събота Неделя 2024-02-10",
      "is_weekend": true,
      "start_date": "2024-02-10",
      "end_date": "2024-08-01"
    },
    {
      "code": "FIXME Събота Неделя ",
      "is_weekend": true,
      "start_date": "2024-08-02",
      "end_date": "2025-02-09"
    },
    {
      "code": "Предпр., Пр. 11-0-1-1-0-10-24 ",
      "is_weekend": true,
      "start_date": "2025-02-10",
      "end_date": "2025-03-08"
    },
    {
      "code": "Предпр., Пр. 11-0-1-1-0-10-24 ",
      "is_weekend": true,
      "start_date": "2025-03-10",
      "end_date": "2025-10-03"
    },
    {
      "code": "Предпр., Пр. 12-0-1-1-0-09-25 ",
      "is_weekend": true,
      "start_date": "2025-10-04",
      "end_date": "2024-03-22"
    },
    {
      "code": "FIXME Събота Неделя 2024-02-10",
      "is_weekend": true,
      "start_date": "2024-02-10",
      "end_date": "2024-06-30"
    },
    {
      "code": "FIXME Събота Неделя 2024-02-10",
      "is_weekend": true,
      "start_date": "2024-02-10",
      "end_date": "2024-08-01"
    },
    {
      "code": "FIXME Събота Неделя ",
      "is_weekend": true,
      "start_date": "2024-08-02",
      "end_date": "2025-02-09"
    },
    {
      "code": "Предпр., Пр. 11-0-1-1-0-10-24 ",
      "is_weekend": true,
      "start_date": "2025-02-10",
      "end_date": "2025-03-08"
    },
    {
      "code": "Предпр., Пр. 11-0-1-1-0-10-24 ",
      "is_weekend": true,
      "start_date": "2025-03-10",
      "end_date": "2025-10-03"
    },
    {
      "code": "Предпр., Пр. 12-0-1-1-0-09-25 ",
      "is_weekend": true,
      "start_date": "2025-10-04",
      "end_date": "2024-03-22"
    },
    {
      "code": "FIXME Събота Неделя 2024-02-10",
      "is_weekend": true,
      "start_date": "2024-02-10",
      "end_date": "2024-06-30"
    },
    {
      "code": "FIXME Събота Неделя 2024-02-10",
      "is_weekend": true,
      "start_date": "2024-02-10",
      "end_date": "2024-08-01"
    },
    {
      "code": "FIXME Събота Неделя ",
      "is_weekend": true,
      "start_date": "2024-08-02",
      "end_date": "2025-02-09"
    },
    {
      "code": "Предпр., Пр. 11-0-1-1-0-10-24 ",
      "is_weekend": true,
      "start_date": "2025-02-10",
      "end_date": "2025-03-08"
    },
    {
      "code": "Предпр., Пр. 11-0-1-1-0-10-24 ",
      "is_weekend": true,
      "start_date": "2025-03-10",
      "end_date": "2025-10-03"
    },
    {
      "code": "Предпр., Пр. 12-0-1-1-0-09-25 ",
      "is_weekend": true,
      "start_date": "2025-10-04",
      "end_date": "2024-03-22"
    },
    {
      "code": "FIXME Събота Неделя 2024-02-10",
      "is_weekend": true,
      "start_date": "2024-02-10",
      "end_date": "2024-06-30"
    },
    {
      "code": "FIXME Събота Неделя 2024-02-10",
      "is_weekend": true,
      "start_date": "2024-02-10",
      "end_date": "2024-08-01"
    },
    {
      "code": "FIXME Събота Неделя ",
      "is_weekend": true,
      "start_date": "2024-08-02",
      "end_date": "2025-02-09"
    },
    {
      "code": "Предпр., Пр. 11-0-1-1-0-10-24 ",
      "is_weekend": true,
      "start_date": "2025-02-10",
      "end_date": "2025-03-08"
    },
    {
      "code": "Предпр., Пр. 11-0-1-1-0-10-24 ",
      "is_weekend": true,
      "start_date": "2025-03-10",
      "end_date": "2025-10-03"
    },
    {
      "code": "Предпр., Пр. 12-0-1-1-0-09-25 ",
      "is_weekend": true,
      "start_date": "2025-10-04",
      "end_date": "2024-03-22"
    },
    {
      "code": "FIXME Събота Неделя 2024-02-10",
      "is_weekend": true,
      "start_date": "2024-02-10",
      "end_date": "2024-06-30"
    },
    {
      "code": "FIXME Събота Неделя 2024-02-10",
      "is_weekend": true,
      "start_date": "2024-02-10",
      "end_date": "2024-08-01"
    },
    {
      "code": "FIXME Събота Неделя ",
      "is_weekend": true,
      "start_date": "2024-08-02",
      "end_date": "2025-02-09"
    },
    {
      "code": "Предпр., Пр. 11-0-1-1-0-10-24 ",
      "is_weekend": true,
      "start_date": "2025-02-10",
      "end_date": "2025-03-08"
    },
    {
      "code": "Предпр., Пр. 11-0-1-1-0-10-24 ",
      "is_weekend": true,
      "start_date": "2025-03-10",
      "end_date": "2025-10-03"
    },
    {
      "code": "Предпр., Пр. 12-0-1-1-0-09-25 ",
      "is_weekend": true,
      "start_date": "2025-10-04",
      "end_date": "2024-03-22"
    },
    {
      "code": "FIXME Събота Неделя 2024-02-10",
      "is_weekend": true,
      "start_date": "2024-02-10",
      "end_date": "2024-06-30"
    },
    {
      "code": "FIXME Събота Неделя 2024-02-10",
      "is_weekend": true,
      "start_date": "2024-02-10",
      "end_date": "2024-08-01"
    },
    {
      "code": "FIXME Събота Неделя ",
      "is_weekend": true,
      "start_date": "2024-08-02",
      "end_date": "2025-02-09"
    },
    {
      "code": "Предпр., Пр. 11-0-1-1-0-10-24 ",
      "is_weekend": true,
      "start_date": "2025-02-10",
      "end_date": "2025-03-08"
    },
    {
      "code": "Предпр., Пр. 11-0-1-1-0-10-24 ",
      "is_weekend": true,
      "start_date": "2025-03-10",
      "end_date": "2025-10-03"
    },
    {
      "code": "Предпр., Пр. 12-0-1-1-0-09-25 ",
      "is_weekend": true,
      "start_date": "2025-10-04",
      "end_date": "2024-03-22"
    },
    {
      "code": "FIXME Събота Неделя 2024-02-10",
      "is_weekend": true,
      "start_date": "2024-02-10",
      "end_date": "2024-06-30"
    },
    {
      "code": "FIXME Събота Неделя 2024-02-10",
      "is_weekend": true,
      "start_date": "2024-02-10",
      "end_date": "2024-08-01"
    },
    {
      "code": "FIXME Събота Неделя ",
      "is_weekend": true,
      "start_date": "2024-08-02",
      "end_date": "2025-02-09"
    },
    {
      "code": "Предпр., Пр. 11-0-1-1-0-10-24 ",
      "is_weekend": true,
      "start_date": "2025-02-10",
      "end_date": "2025-03-08"
    },
    {
      "code": "Предпр., Пр. 11-0-1-1-0-10-24 ",
      "is_weekend": true,
      "start_date": "2025-03-10",
      "end_date": "2025-10-03"
    },
    {
      "code": "Предпр., Пр. 12-0-1-1-0-09-25 ",
      "is_weekend": true,
      "start_date": "2025-10-04"
    }
  ]
}