{
  "type": "bus",
  "route_ref": "119",
  "subtype": null,
  "schedules": [
    {
      "code": "FIXME Делник 2023-01-03",
      "is_weekend": false,
      "start_date": "2023-01-03",
      "end_date": "2024-06-30"
    },
    {
      "code": "FIXME Събота Неделя 2022-09-17",
      "is_weekend": true,
      "start_date": "2022-09-17",
      "end_date": "2024-05-31"
    },
    {
      "code": "FIXME Събота Неделя 2024-06-01",
      "is_weekend": true,
      "start_date": "2024-06-01",
      "end_date": "2024-06-02"
    },
    {
      "code": "FIXME Събота Неделя 2024-06-08",
      "is_weekend": true,
      "start_date": "2024-06-08",
      "end_date": "2024-06-30"
    },
    {
      "code": "FIXME Делник 2023-01-03",
      "is_weekend": false,
      "start_date": "2023-01-03",
      "end_date": "2024-08-01"
    },
    {
      "code": "FIXME Събота Неделя 2024-06-08",
      "is_weekend": true,
      "start_date": "2024-06-08",
      "end_date": "2024-08-01"
    },
    {
      "code": "FIXME Делник ",
      "is_weekend": false,
      "start_date": "2024-08-02",
      "end_date": "2025-02-09"
    },
    {
      "code": "FIXME Събота Неделя ",
      "is_weekend": true,
      "start_date": "2024-08-02",
      "end_date": "2025-02-09"
    },
    {
      "code": "Делник 45-3-2-3-2-09-22 E",
      "is_weekend": false,
      "start_date": "2025-02-10",
      "end_date": "2025-03-08"
    },
    {
      "code": "Предпр., Пр. 46-2-2-2-1-09-22 ",
      "is_weekend": true,
      "start_date": "2025-02-10",
      "end_date": "2025-03-08"
    },
    {
      "code": "Делник 45-3-2-3-2-09-22 E",
      "is_weekend": false,
      "start_date": "2025-03-10",
      "end_date": "2024-03-22"
    },
    {
      "code": "Предпр., Пр. 46-2-2-2-1-09-22 ",
      "is_weekend": true,
      "start_date": "2025-03-10",
      "end_date": "2025-07-12"
    },
    {
      "code": "Предпр., Пр. 49-3-3-3-1-05-24 ",
      "is_weekend": true,
      "start_date": "2025-07-13",
      "end_date": "2025-07-13"
    },
    {
      "code": "Предпр., Пр. 46-2-2-2-1-09-22 ",
      "is_weekend": true,
      "start_date": "2025-07-14",
      "end_date": "2024-03-22"
    },
    {
      "code": "FIXME Делник 2023-01-03",
      "is_weekend": false,
      "start_date": "2023-01-03",
      "end_date": "2024-06-30"
    },
    {
      "code": "FIXME Събота Неделя 2022-09-17",
      "is_weekend": true,
      "start_date": "2022-09-17",
      "end_date": "2024-05-31"
    },
    {
      "code": "FIXME Събота Неделя 2024-06-01",
      "is_weekend": true,
      "start_date": "2024-06-01",
      "end_date": "2024-06-02"
    },
    {
      "code": "FIXME Събота Неделя 2024-06-08",
      "is_weekend": true,
      "start_date": "2024-06-08",
      "end_date": "2024-06-30"
    },
    {
      "code": "FIXME Делник 2023-01-03",
      "is_weekend": false,
      "start_date": "2023-01-03",
      "end_date": "2024-08-01"
    },
    {
      "code": "FIXME Събота Неделя 2024-06-08",
      "is_weekend": true,
      "start_date": "2024-06-08",
      "end_date": "2024-08-01"
    },
    {
      "code": "FIXME Делник ",
      "is_weekend": false,
      "start_date": "2024-08-02",
      "end_date": "2025-02-09"
    },
    {
      "code": "FIXME Събота Неделя ",
      "is_weekend": true,
      "start_date": "2024-08-02",
      "end_date": "2025-02-09"
    },
    {
      "code": "Делник 45-3-2-3-2-09-22 E",
      "is_weekend": false,
      "start_date": "2025-02-10",
      "end_date": "2025-03-08"
    },
    {
      "code": "Предпр., Пр. 46-2-2-2-1-09-22 ",
      "is_weekend": true,
      "start_date": "2025-02-10",
      "end_date": "2025-03-08"
    },
    {
      "code": "Делник 45-3-2-3-2-09-22 E",
      "is_weekend": false,
      "start_date": "2025-03-10"
    },
    {
      "code": "Предпр., Пр. 46-2-2-2-1-09-22 ",
      "is_weekend": true,
      "start_date": "2025-03-10",
      "end_date": "2025-07-12"
    },
    {
      "code": "Предпр., Пр. 49-3-3-3-1-05-24 ",
      "is_weekend": true,
      "start_date": "2025-07-13",
      "end_date": "2025-07-13"
    },
    {
      "code": "Предпр., Пр. 46-2-2-2-1-09-22 ",
      "is_weekend": true,
      "start_date": "2025-07-14"
    }
  ]
}