{
  "type": "bus",
  "route_ref": "200",
  "subtype": null,
  "schedules": [
    {
      "code": "FIXME Събота Неделя 2024-07-27",
      "is_weekend": true,
      "start_date": "2024-07-27",
      "end_date": "2024-08-01"
    },
    {
      "code": "FIXME Събота Неделя ",
      "is_weekend": true,
      "start_date": "2024-08-07",
      "end_date": "2024-08-17"
    },
    {
      "code": "FIXME Събота Неделя ",
      "is_weekend": true,
      "start_date": "2024-08-20",
      "end_date": "2024-10-13"
    },
    {
      "code": "FIXME Събота Неделя 2024-07-27",
      "is_weekend": true,
      "start_date": "2024-07-27",
      "end_date": "2024-08-01"
    },
    {
      "code": "FIXME Събота Неделя ",
      "is_weekend": true,
      "start_date": "2024-08-07",
      "end_date": "2024-08-17"
    },
    {
      "code": "FIXME Събота Неделя ",
      "is_weekend": true,
      "start_date": "2024-08-20",
      "end_date": "2024-10-13"
    },
    {
      "code": "FIXME Събота Неделя 2024-07-27",
      "is_weekend": true,
      "start_date": "2024-07-27",
      "end_date": "2024-08-01"
    },
    {
      "code": "FIXME Събота Неделя ",
      "is_weekend": true,
      "start_date": "2024-08-07",
      "end_date": "2024-08-17"
    },
    {
      "code": "FIXME Събота Неделя ",
      "is_weekend": true,
      "start_date": "2024-08-20",
      "end_date": "2024-10-13"
    },
    {
      "code": "FIXME Събота Неделя 2024-07-27",
      "is_weekend": true,
      "start_date": "2024-07-27",
      "end_date": "2024-08-01"
    },
    {
      "code": "FIXME Събота Неделя ",
      "is_weekend": true,
      "start_date": "2024-08-07",
      "end_date": "2024-08-17"
    },
    {
      "code": "FIXME Събота Неделя ",
      "is_weekend": true,
      "start_date": "2024-08-20",
      "end_date": "2024-10-13"
    },
    {
      "code": "FIXME Събота Неделя 2024-07-27",
      "is_weekend": true,
      "start_date": "2024-07-27",
      "end_date": "2024-08-01"
    },
    {
      "code": "FIXME Събота Неделя ",
      "is_weekend": true,
      "start_date": "2024-08-07",
      "end_date": "2024-08-17"
    },
    {
      "code": "FIXME Събота Неделя ",
      "is_weekend": true,
      "start_date": "2024-08-20",
      "end_date": "2024-10-13"
    },
    {
      "code": "FIXME Събота Неделя 2024-07-27",
      "is_weekend": true,
      "start_date": "2024-07-27",
      "end_date": "2024-08-01"
    },
    {
      "code": "FIXME Събота Неделя ",
      "is_weekend": true,
      "start_date": "2024-08-07",
      "end_date": "2024-08-17"
    },
    {
      "code": "FIXME Събота Неделя ",
      "is_weekend": true,
      "start_date": "2024-08-20",
      "end_date": "2024-10-13"
    },
    {
      "code": "FIXME Събота Неделя 2024-07-27",
      "is_weekend": true,
      "start_date": "2024-07-27",
      "end_date": "2024-08-01"
    },
    {
      "code": "FIXME Събота Неделя ",
      "is_weekend": true,
      "start_date": "2024-08-07",
      "end_date": "2024-08-17"
    },
    {
      "code": "FIXME Събота Неделя ",
      "is_weekend": true,
      "start_date": "2024-08-20",
      "end_date": "2024-10-13"
    },
    {
      "code": "FIXME Събота Неделя 2024-07-27",
      "is_weekend": true,
      "start_date": "2024-07-27",
      "end_date": "2024-08-01"
    },
    {
      "code": "FIXME Събота Неделя ",
      "is_weekend": true,
      "start_date": "2024-08-07",
      "end_date": "2024-08-17"
    },
    {
      "code": "FIXME Събота Неделя ",
      "is_weekend": true,
      "start_date": "2024-08-20",
      "end_date": "2024-10-13"
    }
  ]
}