{
  "type": "bus",
  "route_ref": "22ТМ",
  "subtype": "temporary",
  "schedules": [
    {
      "code": "FIXME Събота Неделя ",
      "is_weekend": true,
      "start_date": "2024-09-29",
      "end_date": "2024-10-12"
    },
    {
      "code": "FIXME Делник ",
      "is_weekend": false,
      "start_date": "2024-10-01",
      "end_date": "2024-10-12"
    },
    {
      "code": "FIXME Делник ",
      "is_weekend": false,
      "start_date": "2024-10-16",
      "end_date": "2024-10-18"
    },
    {
      "code": "FIXME Делник ",
      "is_weekend": false,
      "start_date": "2024-10-24",
      "end_date": "2024-10-28"
    },
    {
      "code": "FIXME Събота Неделя ",
      "is_weekend": true,
      "start_date": "2024-10-27",
      "end_date": "2024-10-28"
    },
    {
      "code": "FIXME Събота Неделя ",
      "is_weekend": true,
      "start_date": "2024-11-16",
      "end_date": "2024-11-23"
    },
    {
      "code": "FIXME Делник ",
      "is_weekend": false,
      "start_date": "2024-11-19",
      "end_date": "2024-11-23"
    },
    {
      "code": "Делник 36-4-4-4-2-05-25",
      "is_weekend": false,
      "start_date": "2025-05-09",
      "end_date": "2025-05-11"
    },
    {
      "code": "Предпр., Пр. 37-3-3-3-2-05-25",
      "is_weekend": true,
      "start_date": "2025-05-09",
      "end_date": "2025-05-11"
    },
    {
      "code": "Предпр., Пр. 38-3-3-3-2-10-25",
      "is_weekend": true,
      "start_date": "2025-10-18",
      "end_date": "2025-10-19"
    },
    {
      "code": "FIXME Събота Неделя ",
      "is_weekend": true,
      "start_date": "2024-09-29",
      "end_date": "2024-10-12"
    },
    {
      "code": "FIXME Делник ",
      "is_weekend": false,
      "start_date": "2024-10-01",
      "end_date": "2024-10-12"
    },
    {
      "code": "FIXME Делник ",
      "is_weekend": false,
      "start_date": "2024-10-16",
      "end_date": "2024-10-18"
    },
    {
      "code": "FIXME Делник ",
      "is_weekend": false,
      "start_date": "2024-10-24",
      "end_date": "2024-10-28"
    },
    {
      "code": "FIXME Събота Неделя ",
      "is_weekend": true,
      "start_date": "2024-10-27",
      "end_date": "2024-10-28"
    },
    {
      "code": "FIXME Събота Неделя ",
      "is_weekend": true,
      "start_date": "2024-11-16",
      "end_date": "2024-11-23"
    },
    {
      "code": "FIXME Делник ",
      "is_weekend": false,
      "start_date": "2024-11-19",
      "end_date": "2024-11-23"
    },
    {
      "code": "Делник 36-4-4-4-2-05-25",
      "is_weekend": false,
      "start_date": "2025-05-09",
      "end_date": "2025-05-11"
    },
    {
      "code": "Предпр., Пр. 37-3-3-3-2-05-25",
      "is_weekend": true,
      "start_date": "2025-05-09",
      "end_date": "2025-05-11"
    },
    {
      "code": "Предпр., Пр. 38-3-3-3-2-10-25",
      "is_weekend": true,
      "start_date": "2025-10-18",
      "end_date": "2025-10-19"
    }
  ]
}