{
  "type": "bus",
  "route_ref": "310",
  "subtype": null,
  "schedules": [
    {
      "code": "FIXME Делник 2023-09-18",
      "is_weekend": false,
      "start_date": "2023-09-18",
      "end_date": "2024-06-30"
    },
    {
      "code": "FIXME Събота Неделя 2024-01-06",
      "is_weekend": true,
      "start_date": "2024-01-06",
      "end_date": "2024-06-30"
    },
    {
      "code": "FIXME Делник 2023-09-18",
      "is_weekend": false,
      "start_date": "2023-09-18",
      "end_date": "2024-08-01"
    },
    {
      "code": "FIXME Събота Неделя 2024-01-06",
      "is_weekend": true,
      "start_date": "2024-01-06",
      "end_date": "2024-08-01"
    },
    {
      "code": "FIXME Делник ",
      "is_weekend": false,
      "start_date": "2024-08-02",
      "end_date": "2025-02-09"
    },
    {
      "code": "FIXME Събота Неделя ",
      "is_weekend": true,
      "start_date": "2024-08-02",
      "end_date": "2025-02-09"
    },
    {
      "code": "Делник 111-7-6-7-4-10-24",
      "is_weekend": false,
      "start_date": "2025-02-10",
      "end_date": "2025-03-08"
    },
    {
      "code": "Предпр., Пр. 112-4-4-4-2-10-24",
      "is_weekend": true,
      "start_date": "2025-02-10",
      "end_date": "2025-03-08"
    },
    {
      "code": "Делник 111-7-6-7-4-10-24",
      "is_weekend": false,
      "start_date": "2025-03-10",
      "end_date": "2025-06-16"
    },
    {
      "code": "Предпр., Пр. 114-4-4-4-2-03-25",
      "is_weekend": true,
      "start_date": "2025-03-10",
      "end_date": "2025-06-20"
    },
    {
      "code": "Делник 118-7-7-7-4-06-25 Е1",
      "is_weekend": false,
      "start_date": "2025-06-17",
      "end_date": "2024-03-22"
    },
    {
      "code": "Предпр., Пр. 119-4-4-4-2-06-25",
      "is_weekend": true,
      "start_date": "2025-06-21",
      "end_date": "2024-03-22"
    },
    {
      "code": "FIXME Делник 2023-09-18",
      "is_weekend": false,
      "start_date": "2023-09-18",
      "end_date": "2024-06-30"
    },
    {
      "code": "FIXME Събота Неделя 2024-01-06",
      "is_weekend": true,
      "start_date": "2024-01-06",
      "end_date": "2024-06-30"
    },
    {
      "code": "FIXME Делник 2023-09-18",
      "is_weekend": false,
      "start_date": "2023-09-18",
      "end_date": "2024-08-01"
    },
    {
      "code": "FIXME Събота Неделя 2024-01-06",
      "is_weekend": true,
      "start_date": "2024-01-06",
      "end_date": "2024-08-01"
    },
    {
      "code": "FIXME Делник ",
      "is_weekend": false,
      "start_date": "2024-08-02",
      "end_date": "2025-02-09"
    },
    {
      "code": "FIXME Събота Неделя ",
      "is_weekend": true,
      "start_date": "2024-08-02",
      "end_date": "2025-02-09"
    },
    {
      "code": "Делник 111-7-6-7-4-10-24",
      "is_weekend": false,
      "start_date": "2025-02-10",
      "end_date": "2025-03-08"
    },
    {
      "code": "Предпр., Пр. 112-4-4-4-2-10-24",
      "is_weekend": true,
      "start_date": "2025-02-10",
      "end_date": "2025-03-08"
    },
    {
      "code": "Делник 111-7-6-7-4-10-24",
      "is_weekend": false,
      "start_date": "2025-03-10",
      "end_date": "2025-06-16"
    },
    {
      "code": "Предпр., Пр. 114-4-4-4-2-03-25",
      "is_weekend": true,
      "start_date": "2025-03-10",
      "end_date": "2025-06-20"
    },
    {
      "code": "Делник 118-7-7-7-4-06-25 Е1",
      "is_weekend": false,
      "start_date": "2025-06-17",
      "end_date": "2024-03-22"
    },
    {
      "code": "Предпр., Пр. 119-4-4-4-2-06-25",
      "is_weekend": true,
      "start_date": "2025-06-21",
      "end_date": "2024-03-22"
    },
    {
      "code": "FIXME Делник 2023-09-18",
      "is_weekend": false,
      "start_date": "2023-09-18",
      "end_date": "2024-06-30"
    },
    {
      "code": "FIXME Събота Неделя 2024-01-06",
      "is_weekend": true,
      "start_date": "2024-01-06",
      "end_date": "2024-06-30"
    },
    {
      "code": "FIXME Делник 2023-09-18",
      "is_weekend": false,
      "start_date": "2023-09-18",
      "end_date": "2024-08-01"
    },
    {
      "code": "FIXME Събота Неделя 2024-01-06",
      "is_weekend": true,
      "start_date": "2024-01-06",
      "end_date": "2024-08-01"
    },
    {
      "code": "FIXME Делник ",
      "is_weekend": false,
      "start_date": "2024-08-02",
      "end_date": "2025-02-09"
    },
    {
      "code": "FIXME Събота Неделя ",
      "is_weekend": true,
      "start_date": "2024-08-02",
      "end_date": "2025-02-09"
    },
    {
      "code": "Делник 111-7-6-7-4-10-24",
      "is_weekend": false,
      "start_date": "2025-02-10",
      "end_date": "2025-03-08"
    },
    {
      "code": "Предпр., Пр. 112-4-4-4-2-10-24",
      "is_weekend": true,
      "start_date": "2025-02-10",
      "end_date": "2025-03-08"
    },
    {
      "code": "Делник 111-7-6-7-4-10-24",
      "is_weekend": false,
      "start_date": "2025-03-10",
      "end_date": "2025-06-16"
    },
    {
      "code": "Предпр., Пр. 114-4-4-4-2-03-25",
      "is_weekend": true,
      "start_date": "2025-03-10",
      "end_date": "2025-06-20"
    },
    {
      "code": "Делник 118-7-7-7-4-06-25 Е1",
      "is_weekend": false,
      "start_date": "2025-06-17",
      "end_date": "2024-03-22"
    },
    {
      "code": "Предпр., Пр. 119-4-4-4-2-06-25",
      "is_weekend": true,
      "start_date": "2025-06-21",
      "end_date": "2024-03-22"
    },
    {
      "code": "FIXME Делник 2023-09-18",
      "is_weekend": false,
      "start_date": "2023-09-18",
      "end_date": "2024-06-30"
    },
    {
      "code": "FIXME Събота Неделя 2024-01-06",
      "is_weekend": true,
      "start_date": "2024-01-06",
      "end_date": "2024-06-30"
    },
    {
      "code": "FIXME Делник 2023-09-18",
      "is_weekend": false,
      "start_date": "2023-09-18",
      "end_date": "2024-08-01"
    },
    {
      "code": "FIXME Събота Неделя 2024-01-06",
      "is_weekend": true,
      "start_date": "2024-01-06",
      "end_date": "2024-08-01"
    },
    {
      "code": "FIXME Делник ",
      "is_weekend": false,
      "start_date": "2024-08-02",
      "end_date": "2025-02-09"
    },
    {
      "code": "FIXME Събота Неделя ",
      "is_weekend": true,
      "start_date": "2024-08-02",
      "end_date": "2025-02-09"
    },
    {
      "code": "Делник 111-7-6-7-4-10-24",
      "is_weekend": false,
      "start_date": "2025-02-10",
      "end_date": "2025-03-08"
    },
    {
      "code": "Предпр., Пр. 112-4-4-4-2-10-24",
      "is_weekend": true,
      "start_date": "2025-02-10",
      "end_date": "2025-03-08"
    },
    {
      "code": "Делник 111-7-6-7-4-10-24",
      "is_weekend": false,
      "start_date": "2025-03-10",
      "end_date": "2025-06-16"
    },
    {
      "code": "Предпр., Пр. 114-4-4-4-2-03-25",
      "is_weekend": true,
      "start_date": "2025-03-10",
      "end_date": "2025-06-20"
    },
    {
      "code": "Делник 118-7-7-7-4-06-25 Е1",
      "is_weekend": false,
      "start_date": "2025-06-17",
      "end_date": "2024-03-22"
    },
    {
      "code": "Предпр., Пр. 119-4-4-4-2-06-25",
      "is_weekend": true,
      "start_date": "2025-06-21",
      "end_date": "2024-03-22"
    },
    {
      "code": "FIXME Делник 2023-09-18",
      "is_weekend": false,
      "start_date": "2023-09-18",
      "end_date": "2024-06-30"
    },
    {
      "code": "FIXME Събота Неделя 2024-01-06",
      "is_weekend": true,
      "start_date": "2024-01-06",
      "end_date": "2024-06-30"
    },
    {
      "code": "FIXME Делник 2023-09-18",
      "is_weekend": false,
      "start_date": "2023-09-18",
      "end_date": "2024-08-01"
    },
    {
      "code": "FIXME Събота Неделя 2024-01-06",
      "is_weekend": true,
      "start_date": "2024-01-06",
      "end_date": "2024-08-01"
    },
    {
      "code": "FIXME Делник ",
      "is_weekend": false,
      "start_date": "2024-08-02",
      "end_date": "2025-02-09"
    },
    {
      "code": "FIXME Събота Неделя ",
      "is_weekend": true,
      "start_date": "2024-08-02",
      "end_date": "2025-02-09"
    },
    {
      "code": "Делник 111-7-6-7-4-10-24",
      "is_weekend": false,
      "start_date": "2025-02-10",
      "end_date": "2025-03-08"
    },
    {
      "code": "Предпр., Пр. 112-4-4-4-2-10-24",
      "is_weekend": true,
      "start_date": "2025-02-10",
      "end_date": "2025-03-08"
    },
    {
      "code": "Делник 111-7-6-7-4-10-24",
      "is_weekend": false,
      "start_date": "2025-03-10",
      "end_date": "2025-06-16"
    },
    {
      "code": "Предпр., Пр. 114-4-4-4-2-03-25",
      "is_weekend": true,
      "start_date": "2025-03-10",
      "end_date": "2025-06-20"
    },
    {
      "code": "Делник 118-7-7-7-4-06-25 Е1",
      "is_weekend": false,
      "start_date": "2025-06-17",
      "end_date": "2024-03-22"
    },
    {
      "code": "Предпр., Пр. 119-4-4-4-2-06-25",
      "is_weekend": true,
      "start_date": "2025-06-21",
      "end_date": "2024-03-22"
    },
    {
      "code": "FIXME Делник 2023-09-18",
      "is_weekend": false,
      "start_date": "2023-09-18",
      "end_date": "2024-06-30"
    },
    {
      "code": "FIXME Събота Неделя 2024-01-06",
      "is_weekend": true,
      "start_date": "2024-01-06",
      "end_date": "2024-06-30"
    },
    {
      "code": "FIXME Делник 2023-09-18",
      "is_weekend": false,
      "start_date": "2023-09-18",
      "end_date": "2024-08-01"
    },
    {
      "code": "FIXME Събота Неделя 2024-01-06",
      "is_weekend": true,
      "start_date": "2024-01-06",
      "end_date": "2024-08-01"
    },
    {
      "code": "FIXME Делник ",
      "is_weekend": false,
      "start_date": "2024-08-02",
      "end_date": "2025-02-09"
    },
    {
      "code": "FIXME Събота Неделя ",
      "is_weekend": true,
      "start_date": "2024-08-02",
      "end_date": "2025-02-09"
    },
    {
      "code": "Делник 111-7-6-7-4-10-24",
      "is_weekend": false,
      "start_date": "2025-02-10",
      "end_date": "2025-03-08"
    },
    {
      "code": "Предпр., Пр. 112-4-4-4-2-10-24",
      "is_weekend": true,
      "start_date": "2025-02-10",
      "end_date": "2025-03-08"
    },
    {
      "code": "Делник 111-7-6-7-4-10-24",
      "is_weekend": false,
      "start_date": "2025-03-10",
      "end_date": "2025-06-16"
    },
    {
      "code": "Предпр., Пр. 114-4-4-4-2-03-25",
      "is_weekend": true,
      "start_date": "2025-03-10",
      "end_date": "2025-06-20"
    },
    {
      "code": "Делник 118-7-7-7-4-06-25 Е1",
      "is_weekend": false,
      "start_date": "2025-06-17"
    },
    {
      "code": "Предпр., Пр. 119-4-4-4-2-06-25",
      "is_weekend": true,
      "start_date": "2025-06-21"
    }
  ]
}