{
  "type": "bus",
  "route_ref": "384",
  "subtype": null,
  "schedules": [
    {
      "code": "FIXME Делник 2023-09-18",
      "is_weekend": false,
      "start_date": "2023-09-18",
      "end_date": "2024-04-30"
    },
    {
      "code": "FIXME Събота Неделя 2024-02-17",
      "is_weekend": true,
      "start_date": "2024-02-17",
      "end_date": "2024-04-30"
    },
    {
      "code": "FIXME Делник 2023-09-18",
      "is_weekend": false,
      "start_date": "2023-09-18",
      "end_date": "2024-04-30"
    },
    {
      "code": "FIXME Събота Неделя 2024-02-17",
      "is_weekend": true,
      "start_date": "2024-02-17",
      "end_date": "2024-04-30"
    },
    {
      "code": "FIXME Делник 2023-09-18",
      "is_weekend": false,
      "start_date": "2023-09-18",
      "end_date": "2024-04-30"
    },
    {
      "code": "FIXME Събота Неделя 2024-02-17",
      "is_weekend": true,
      "start_date": "2024-02-17",
      "end_date": "2024-04-30"
    },
    {
      "code": "FIXME Делник 2023-09-18",
      "is_weekend": false,
      "start_date": "2023-09-18",
      "end_date": "2024-04-30"
    },
    {
      "code": "FIXME Събота Неделя 2024-02-17",
      "is_weekend": true,
      "start_date": "2024-02-17",
      "end_date": "2024-04-30"
    },
    {
      "code": "FIXME Делник 2023-09-18",
      "is_weekend": false,
      "start_date": "2023-09-18",
      "end_date": "2024-04-30"
    },
    {
      "code": "FIXME Събота Неделя 2024-02-17",
      "is_weekend": true,
      "start_date": "2024-02-17",
      "end_date": "2024-04-30"
    },
    {
      "code": "FIXME Делник 2023-09-18",
      "is_weekend": false,
      "start_date": "2023-09-18",
      "end_date": "2024-04-30"
    },
    {
      "code": "FIXME Събота Неделя 2024-02-17",
      "is_weekend": true,
      "start_date": "2024-02-17",
      "end_date": "2024-04-30"
    },
    {
      "code": "FIXME Делник 2023-09-18",
      "is_weekend": false,
      "start_date": "2023-09-18",
      "end_date": "2024-04-30"
    },
    {
      "code": "FIXME Събота Неделя 2024-02-17",
      "is_weekend": true,
      "start_date": "2024-02-17",
      "end_date": "2024-04-30"
    }
  ]
}