{
  "type": "bus",
  "route_ref": "59",
  "subtype": null,
  "schedules": [
    {
      "code": "FIXME Делник 2023-09-15",
      "is_weekend": false,
      "start_date": "2023-09-15",
      "end_date": "2024-03-29"
    },
    {
      "code": "FIXME Събота Неделя 2024-01-06",
      "is_weekend": true,
      "start_date": "2024-01-06",
      "end_date": "2024-03-31"
    },
    {
      "code": "FIXME Делник 2024-04-01",
      "is_weekend": false,
      "start_date": "2024-04-01",
      "end_date": "2024-05-17"
    },
    {
      "code": "FIXME Събота Неделя 2024-04-06",
      "is_weekend": true,
      "start_date": "2024-04-06",
      "end_date": "2024-06-14"
    },
    {
      "code": "FIXME Делник 2024-05-20",
      "is_weekend": false,
      "start_date": "2024-05-20",
      "end_date": "2024-06-14"
    },
    {
      "code": "FIXME Делник 2024-06-17",
      "is_weekend": false,
      "start_date": "2024-06-17",
      "end_date": "2024-06-30"
    },
    {
      "code": "FIXME Събота Неделя 2024-06-15",
      "is_weekend": true,
      "start_date": "2024-06-15",
      "end_date": "2024-06-30"
    },
    {
      "code": "FIXME Делник 2024-06-17",
      "is_weekend": false,
      "start_date": "2024-06-17",
      "end_date": "2024-08-01"
    },
    {
      "code": "FIXME Събота Неделя 2024-06-15",
      "is_weekend": true,
      "start_date": "2024-06-15",
      "end_date": "2024-07-28"
    },
    {
      "code": "FIXME Събота Неделя 2024-08-03",
      "is_weekend": true,
      "start_date": "2024-08-03",
      "end_date": "2024-08-01"
    },
    {
      "code": "FIXME Делник ",
      "is_weekend": false,
      "start_date": "2024-08-02",
      "end_date": "2025-02-09"
    },
    {
      "code": "FIXME Събота Неделя ",
      "is_weekend": true,
      "start_date": "2024-08-02",
      "end_date": "2025-02-09"
    },
    {
      "code": "Делник 102-5-4-5-3-10-24 Е2",
      "is_weekend": false,
      "start_date": "2025-02-10",
      "end_date": "2025-03-08"
    },
    {
      "code": "Предпр., Пр. 101-3-3-4-2-10-24",
      "is_weekend": true,
      "start_date": "2025-02-10",
      "end_date": "2025-03-08"
    },
    {
      "code": "Делник 102-5-4-5-3-10-24 Е2",
      "is_weekend": false,
      "start_date": "2025-03-10",
      "end_date": "2025-06-27"
    },
    {
      "code": "Предпр., Пр. 101-3-3-4-2-10-24",
      "is_weekend": true,
      "start_date": "2025-03-10",
      "end_date": "2025-07-18"
    },
    {
      "code": "Делник 103-5-4-5-3-03-25 Е2",
      "is_weekend": false,
      "start_date": "2025-06-28",
      "end_date": "2025-09-05"
    },
    {
      "code": "Предпр., Пр. 105-3-3-4-2-07-25",
      "is_weekend": true,
      "start_date": "2025-07-19",
      "end_date": "2025-10-14"
    },
    {
      "code": "Делник 106-5-4-5-3-09-25 Е2",
      "is_weekend": false,
      "start_date": "2025-09-06",
      "end_date": "2024-03-22"
    },
    {
      "code": "Предпр., Пр. 107-3-3-4-2-09-25",
      "is_weekend": true,
      "start_date": "2025-10-15",
      "end_date": "2024-03-22"
    },
    {
      "code": "FIXME Делник 2023-09-15",
      "is_weekend": false,
      "start_date": "2023-09-15",
      "end_date": "2024-03-29"
    },
    {
      "code": "FIXME Събота Неделя 2024-01-06",
      "is_weekend": true,
      "start_date": "2024-01-06",
      "end_date": "2024-03-31"
    },
    {
      "code": "FIXME Делник 2024-04-01",
      "is_weekend": false,
      "start_date": "2024-04-01",
      "end_date": "2024-05-17"
    },
    {
      "code": "FIXME Събота Неделя 2024-04-06",
      "is_weekend": true,
      "start_date": "2024-04-06",
      "end_date": "2024-06-14"
    },
    {
      "code": "FIXME Делник 2024-05-20",
      "is_weekend": false,
      "start_date": "2024-05-20",
      "end_date": "2024-06-14"
    },
    {
      "code": "FIXME Делник 2024-06-17",
      "is_weekend": false,
      "start_date": "2024-06-17",
      "end_date": "2024-06-30"
    },
    {
      "code": "FIXME Събота Неделя 2024-06-15",
      "is_weekend": true,
      "start_date": "2024-06-15",
      "end_date": "2024-06-30"
    },
    {
      "code": "FIXME Делник 2024-06-17",
      "is_weekend": false,
      "start_date": "2024-06-17",
      "end_date": "2024-08-01"
    },
    {
      "code": "FIXME Събота Неделя 2024-06-15",
      "is_weekend": true,
      "start_date": "2024-06-15",
      "end_date": "2024-07-28"
    },
    {
      "code": "FIXME Събота Неделя 2024-08-03",
      "is_weekend": true,
      "start_date": "2024-08-03",
      "end_date": "2024-08-01"
    },
    {
      "code": "FIXME Делник ",
      "is_weekend": false,
      "start_date": "2024-08-02",
      "end_date": "2025-02-09"
    },
    {
      "code": "FIXME Събота Неделя ",
      "is_weekend": true,
      "start_date": "2024-08-02",
      "end_date": "2025-02-09"
    },
    {
      "code": "Делник 102-5-4-5-3-10-24 Е2",
      "is_weekend": false,
      "start_date": "2025-02-10",
      "end_date": "2025-03-08"
    },
    {
      "code": "Предпр., Пр. 101-3-3-4-2-10-24",
      "is_weekend": true,
      "start_date": "2025-02-10",
      "end_date": "2025-03-08"
    },
    {
      "code": "Делник 102-5-4-5-3-10-24 Е2",
      "is_weekend": false,
      "start_date": "2025-03-10",
      "end_date": "2025-06-27"
    },
    {
      "code": "Предпр., Пр. 101-3-3-4-2-10-24",
      "is_weekend": true,
      "start_date": "2025-03-10",
      "end_date": "2025-07-18"
    },
    {
      "code": "Делник 103-5-4-5-3-03-25 Е2",
      "is_weekend": false,
      "start_date": "2025-06-28",
      "end_date": "2025-09-05"
    },
    {
      "code": "Предпр., Пр. 105-3-3-4-2-07-25",
      "is_weekend": true,
      "start_date": "2025-07-19",
      "end_date": "2025-10-14"
    },
    {
      "code": "Делник 106-5-4-5-3-09-25 Е2",
      "is_weekend": false,
      "start_date": "2025-09-06",
      "end_date": "2024-03-22"
    },
    {
      "code": "Предпр., Пр. 107-3-3-4-2-09-25",
      "is_weekend": true,
      "start_date": "2025-10-15",
      "end_date": "2024-03-22"
    },
    {
      "code": "FIXME Делник 2023-09-15",
      "is_weekend": false,
      "start_date": "2023-09-15",
      "end_date": "2024-03-29"
    },
    {
      "code": "FIXME Събота Неделя 2024-01-06",
      "is_weekend": true,
      "start_date": "2024-01-06",
      "end_date": "2024-03-31"
    },
    {
      "code": "FIXME Делник 2024-04-01",
      "is_weekend": false,
      "start_date": "2024-04-01",
      "end_date": "2024-05-17"
    },
    {
      "code": "FIXME Събота Неделя 2024-04-06",
      "is_weekend": true,
      "start_date": "2024-04-06",
      "end_date": "2024-06-14"
    },
    {
      "code": "FIXME Делник 2024-05-20",
      "is_weekend": false,
      "start_date": "2024-05-20",
      "end_date": "2024-06-14"
    },
    {
      "code": "FIXME Делник 2024-06-17",
      "is_weekend": false,
      "start_date": "2024-06-17",
      "end_date": "2024-06-30"
    },
    {
      "code": "FIXME Събота Неделя 2024-06-15",
      "is_weekend": true,
      "start_date": "2024-06-15",
      "end_date": "2024-06-30"
    },
    {
      "code": "FIXME Делник 2024-06-17",
      "is_weekend": false,
      "start_date": "2024-06-17",
      "end_date": "2024-08-01"
    },
    {
      "code": "FIXME Събота Неделя 2024-06-15",
      "is_weekend": true,
      "start_date": "2024-06-15",
      "end_date": "2024-07-28"
    },
    {
      "code": "FIXME Събота Неделя 2024-08-03",
      "is_weekend": true,
      "start_date": "2024-08-03",
      "end_date": "2024-08-01"
    },
    {
      "code": "FIXME Делник ",
      "is_weekend": false,
      "start_date": "2024-08-02",
      "end_date": "2025-02-09"
    },
    {
      "code": "FIXME Събота Неделя ",
      "is_weekend": true,
      "start_date": "2024-08-02",
      "end_date": "2025-02-09"
    },
    {
      "code": "Делник 102-5-4-5-3-10-24 Е2",
      "is_weekend": false,
      "start_date": "2025-02-10",
      "end_date": "2025-03-08"
    },
    {
      "code": "Предпр., Пр. 101-3-3-4-2-10-24",
      "is_weekend": true,
      "start_date": "2025-02-10",
      "end_date": "2025-03-08"
    },
    {
      "code": "Делник 102-5-4-5-3-10-24 Е2",
      "is_weekend": false,
      "start_date": "2025-03-10",
      "end_date": "2025-06-27"
    },
    {
      "code": "Предпр., Пр. 101-3-3-4-2-10-24",
      "is_weekend": true,
      "start_date": "2025-03-10",
      "end_date": "2025-07-18"
    },
    {
      "code": "Делник 103-5-4-5-3-03-25 Е2",
      "is_weekend": false,
      "start_date": "2025-06-28",
      "end_date": "2025-09-05"
    },
    {
      "code": "Предпр., Пр. 105-3-3-4-2-07-25",
      "is_weekend": true,
      "start_date": "2025-07-19",
      "end_date": "2025-10-14"
    },
    {
      "code": "Делник 106-5-4-5-3-09-25 Е2",
      "is_weekend": false,
      "start_date": "2025-09-06",
      "end_date": "2024-03-22"
    },
    {
      "code": "Предпр., Пр. 107-3-3-4-2-09-25",
      "is_weekend": true,
      "start_date": "2025-10-15",
      "end_date": "2024-03-22"
    },
    {
      "code": "FIXME Делник 2023-09-15",
      "is_weekend": false,
      "start_date": "2023-09-15",
      "end_date": "2024-03-29"
    },
    {
      "code": "FIXME Събота Неделя 2024-01-06",
      "is_weekend": true,
      "start_date": "2024-01-06",
      "end_date": "2024-03-31"
    },
    {
      "code": "FIXME Делник 2024-04-01",
      "is_weekend": false,
      "start_date": "2024-04-01",
      "end_date": "2024-05-17"
    },
    {
      "code": "FIXME Събота Неделя 2024-04-06",
      "is_weekend": true,
      "start_date": "2024-04-06",
      "end_date": "2024-06-14"
    },
    {
      "code": "FIXME Делник 2024-05-20",
      "is_weekend": false,
      "start_date": "2024-05-20",
      "end_date": "2024-06-14"
    },
    {
      "code": "FIXME Делник 2024-06-17",
      "is_weekend": false,
      "start_date": "2024-06-17",
      "end_date": "2024-06-30"
    },
    {
      "code": "FIXME Събота Неделя 2024-06-15",
      "is_weekend": true,
      "start_date": "2024-06-15",
      "end_date": "2024-06-30"
    },
    {
      "code": "FIXME Делник 2024-06-17",
      "is_weekend": false,
      "start_date": "2024-06-17",
      "end_date": "2024-08-01"
    },
    {
      "code": "FIXME Събота Неделя 2024-06-15",
      "is_weekend": true,
      "start_date": "2024-06-15",
      "end_date": "2024-07-28"
    },
    {
      "code": "FIXME Събота Неделя 2024-08-03",
      "is_weekend": true,
      "start_date": "2024-08-03",
      "end_date": "2024-08-01"
    },
    {
      "code": "FIXME Делник ",
      "is_weekend": false,
      "start_date": "2024-08-02",
      "end_date": "2025-02-09"
    },
    {
      "code": "FIXME Събота Неделя ",
      "is_weekend": true,
      "start_date": "2024-08-02",
      "end_date": "2025-02-09"
    },
    {
      "code": "Делник 102-5-4-5-3-10-24 Е2",
      "is_weekend": false,
      "start_date": "2025-02-10",
      "end_date": "2025-03-08"
    },
    {
      "code": "Предпр., Пр. 101-3-3-4-2-10-24",
      "is_weekend": true,
      "start_date": "2025-02-10",
      "end_date": "2025-03-08"
    },
    {
      "code": "Делник 102-5-4-5-3-10-24 Е2",
      "is_weekend": false,
      "start_date": "2025-03-10",
      "end_date": "2025-06-27"
    },
    {
      "code": "Предпр., Пр. 101-3-3-4-2-10-24",
      "is_weekend": true,
      "start_date": "2025-03-10",
      "end_date": "2025-07-18"
    },
    {
      "code": "Делник 103-5-4-5-3-03-25 Е2",
      "is_weekend": false,
      "start_date": "2025-06-28",
      "end_date": "2025-09-05"
    },
    {
      "code": "Предпр., Пр. 105-3-3-4-2-07-25",
      "is_weekend": true,
      "start_date": "2025-07-19",
      "end_date": "2025-10-14"
    },
    {
      "code": "Делник 106-5-4-5-3-09-25 Е2",
      "is_weekend": false,
      "start_date": "2025-09-06",
      "end_date": "2024-03-22"
    },
    {
      "code": "Предпр., Пр. 107-3-3-4-2-09-25",
      "is_weekend": true,
      "start_date": "2025-10-15",
      "end_date": "2024-03-22"
    },
    {
      "code": "FIXME Делник 2023-09-15",
      "is_weekend": false,
      "start_date": "2023-09-15",
      "end_date": "2024-03-29"
    },
    {
      "code": "FIXME Събота Неделя 2024-01-06",
      "is_weekend": true,
      "start_date": "2024-01-06",
      "end_date": "2024-03-31"
    },
    {
      "code": "FIXME Делник 2024-04-01",
      "is_weekend": false,
      "start_date": "2024-04-01",
      "end_date": "2024-05-17"
    },
    {
      "code": "FIXME Събота Неделя 2024-04-06",
      "is_weekend": true,
      "start_date": "2024-04-06",
      "end_date": "2024-06-14"
    },
    {
      "code": "FIXME Делник 2024-05-20",
      "is_weekend": false,
      "start_date": "2024-05-20",
      "end_date": "2024-06-14"
    },
    {
      "code": "FIXME Делник 2024-06-17",
      "is_weekend": false,
      "start_date": "2024-06-17",
      "end_date": "2024-06-30"
    },
    {
      "code": "FIXME Събота Неделя 2024-06-15",
      "is_weekend": true,
      "start_date": "2024-06-15",
      "end_date": "2024-06-30"
    },
    {
      "code": "FIXME Делник 2024-06-17",
      "is_weekend": false,
      "start_date": "2024-06-17",
      "end_date": "2024-08-01"
    },
    {
      "code": "FIXME Събота Неделя 2024-06-15",
      "is_weekend": true,
      "start_date": "2024-06-15",
      "end_date": "2024-07-28"
    },
    {
      "code": "FIXME Събота Неделя 2024-08-03",
      "is_weekend": true,
      "start_date": "2024-08-03",
      "end_date": "2024-08-01"
    },
    {
      "code": "FIXME Делник ",
      "is_weekend": false,
      "start_date": "2024-08-02",
      "end_date": "2025-02-09"
    },
    {
      "code": "FIXME Събота Неделя ",
      "is_weekend": true,
      "start_date": "2024-08-02",
      "end_date": "2025-02-09"
    },
    {
      "code": "Делник 102-5-4-5-3-10-24 Е2",
      "is_weekend": false,
      "start_date": "2025-02-10",
      "end_date": "2025-03-08"
    },
    {
      "code": "Предпр., Пр. 101-3-3-4-2-10-24",
      "is_weekend": true,
      "start_date": "2025-02-10",
      "end_date": "2025-03-08"
    },
    {
      "code": "Делник 102-5-4-5-3-10-24 Е2",
      "is_weekend": false,
      "start_date": "2025-03-10",
      "end_date": "2025-06-27"
    },
    {
      "code": "Предпр., Пр. 101-3-3-4-2-10-24",
      "is_weekend": true,
      "start_date": "2025-03-10",
      "end_date": "2025-07-18"
    },
    {
      "code": "Делник 103-5-4-5-3-03-25 Е2",
      "is_weekend": false,
      "start_date": "2025-06-28",
      "end_date": "2025-09-05"
    },
    {
      "code": "Предпр., Пр. 105-3-3-4-2-07-25",
      "is_weekend": true,
      "start_date": "2025-07-19",
      "end_date": "2025-10-14"
    },
    {
      "code": "Делник 106-5-4-5-3-09-25 Е2",
      "is_weekend": false,
      "start_date": "2025-09-06"
    },
    {
      "code": "Предпр., Пр. 107-3-3-4-2-09-25",
      "is_weekend": true,
      "start_date": "2025-10-15"
    }
  ]
}