{
  "type": "bus",
  "route_ref": "85",
  "subtype": null,
  "schedules": [
    {
      "code": "FIXME Делник 2024-02-26",
      "is_weekend": false,
      "start_date": "2024-02-26",
      "end_date": "2024-05-02"
    },
    {
      "code": "FIXME Събота Неделя 2024-02-03",
      "is_weekend": true,
      "start_date": "2024-02-03",
      "end_date": "2024-05-03"
    },
    {
      "code": "FIXME Делник 2024-05-07",
      "is_weekend": false,
      "start_date": "2024-05-07",
      "end_date": "2024-05-31"
    },
    {
      "code": "FIXME Събота Неделя 2024-05-04",
      "is_weekend": true,
      "start_date": "2024-05-04",
      "end_date": "2024-05-04"
    },
    {
      "code": "FIXME Събота Неделя 2024-02-03",
      "is_weekend": true,
      "start_date": "2024-02-03",
      "end_date": "2024-06-30"
    },
    {
      "code": "FIXME Делник 2024-06-03",
      "is_weekend": false,
      "start_date": "2024-06-03",
      "end_date": "2024-06-30"
    },
    {
      "code": "FIXME Делник 2024-06-03",
      "is_weekend": false,
      "start_date": "2024-06-03",
      "end_date": "2024-08-01"
    },
    {
      "code": "FIXME Събота Неделя 2024-02-03",
      "is_weekend": true,
      "start_date": "2024-02-03",
      "end_date": "2024-08-01"
    },
    {
      "code": "FIXME Делник ",
      "is_weekend": false,
      "start_date": "2024-08-02",
      "end_date": "2025-02-09"
    },
    {
      "code": "FIXME Събота Неделя ",
      "is_weekend": true,
      "start_date": "2024-08-02",
      "end_date": "2025-02-09"
    },
    {
      "code": "Делник 171-4-4-4-2-07-25 Е",
      "is_weekend": false,
      "start_date": "2025-02-10",
      "end_date": "2025-03-08"
    },
    {
      "code": "Предпр., Пр. 173-3-3-3-2-11-24",
      "is_weekend": true,
      "start_date": "2025-02-10",
      "end_date": "2025-03-08"
    },
    {
      "code": "Делник 171-4-4-4-2-07-25 Е",
      "is_weekend": false,
      "start_date": "2025-03-10",
      "end_date": "2025-12-29"
    },
    {
      "code": "Предпр., Пр. 173-3-3-3-2-11-24",
      "is_weekend": true,
      "start_date": "2025-03-10",
      "end_date": "2025-04-18"
    },
    {
      "code": "Предпр., Пр. 176-3-3-3-2-04-25",
      "is_weekend": true,
      "start_date": "2025-04-19",
      "end_date": "2025-04-19"
    },
    {
      "code": "Предпр., Пр. 173-3-3-3-2-11-24",
      "is_weekend": true,
      "start_date": "2025-04-20",
      "end_date": "2025-12-28"
    },
    {
      "code": "Предпр., Пр. 174-3-3-3-2-12-24",
      "is_weekend": true,
      "start_date": "2025-12-29",
      "end_date": "2024-03-22"
    },
    {
      "code": "Предпр., Пр. 173-3-3-3-2-11-24",
      "is_weekend": false,
      "start_date": "2025-12-30",
      "end_date": "2024-03-22"
    },
    {
      "code": "FIXME Делник 2024-02-26",
      "is_weekend": false,
      "start_date": "2024-02-26",
      "end_date": "2024-05-02"
    },
    {
      "code": "FIXME Събота Неделя 2024-02-03",
      "is_weekend": true,
      "start_date": "2024-02-03",
      "end_date": "2024-05-03"
    },
    {
      "code": "FIXME Делник 2024-05-07",
      "is_weekend": false,
      "start_date": "2024-05-07",
      "end_date": "2024-05-31"
    },
    {
      "code": "FIXME Събота Неделя 2024-05-04",
      "is_weekend": true,
      "start_date": "2024-05-04",
      "end_date": "2024-05-04"
    },
    {
      "code": "FIXME Събота Неделя 2024-02-03",
      "is_weekend": true,
      "start_date": "2024-02-03",
      "end_date": "2024-06-30"
    },
    {
      "code": "FIXME Делник 2024-06-03",
      "is_weekend": false,
      "start_date": "2024-06-03",
      "end_date": "2024-06-30"
    },
    {
      "code": "FIXME Делник 2024-06-03",
      "is_weekend": false,
      "start_date": "2024-06-03",
      "end_date": "2024-08-01"
    },
    {
      "code": "FIXME Събота Неделя 2024-02-03",
      "is_weekend": true,
      "start_date": "2024-02-03",
      "end_date": "2024-08-01"
    },
    {
      "code": "FIXME Делник ",
      "is_weekend": false,
      "start_date": "2024-08-02",
      "end_date": "2025-02-09"
    },
    {
      "code": "FIXME Събота Неделя ",
      "is_weekend": true,
      "start_date": "2024-08-02",
      "end_date": "2025-02-09"
    },
    {
      "code": "Делник 171-4-4-4-2-07-25 Е",
      "is_weekend": false,
      "start_date": "2025-02-10",
      "end_date": "2025-03-08"
    },
    {
      "code": "Предпр., Пр. 173-3-3-3-2-11-24",
      "is_weekend": true,
      "start_date": "2025-02-10",
      "end_date": "2025-03-08"
    },
    {
      "code": "Делник 171-4-4-4-2-07-25 Е",
      "is_weekend": false,
      "start_date": "2025-03-10",
      "end_date": "2025-12-29"
    },
    {
      "code": "Предпр., Пр. 173-3-3-3-2-11-24",
      "is_weekend": true,
      "start_date": "2025-03-10",
      "end_date": "2025-04-18"
    },
    {
      "code": "Предпр., Пр. 176-3-3-3-2-04-25",
      "is_weekend": true,
      "start_date": "2025-04-19",
      "end_date": "2025-04-19"
    },
    {
      "code": "Предпр., Пр. 173-3-3-3-2-11-24",
      "is_weekend": true,
      "start_date": "2025-04-20",
      "end_date": "2025-12-28"
    },
    {
      "code": "Предпр., Пр. 174-3-3-3-2-12-24",
      "is_weekend": true,
      "start_date": "2025-12-29"
    },
    {
      "code": "Предпр., Пр. 173-3-3-3-2-11-24",
      "is_weekend": false,
      "start_date": "2025-12-30",
      "end_date": "2025-12-30"
    },
    {
      "code": "Делник 171-4-4-4-2-07-25 Е",
      "is_weekend": false,
      "start_date": "2025-12-31"
    }
  ]
}