{
  "type": "bus",
  "route_ref": "86А",
  "subtype": null,
  "schedules": [
    {
      "code": "FIXME Събота 2024-06-22",
      "is_weekend": "010",
      "start_date": "2024-06-22",
      "end_date": "2024-06-24"
    },
    {
      "code": "FIXME Събота Неделя ",
      "is_weekend": true,
      "start_date": "2024-11-03",
      "end_date": "2024-11-03"
    },
    {
      "code": "Предпр. 8-3-3-3-0-11-19 Задушн",
      "is_weekend": true,
      "start_date": "2025-02-23",
      "end_date": "2025-02-23"
    },
    {
      "code": "Предпр. 8-3-3-3-0-11-19 Задушн",
      "is_weekend": true,
      "start_date": "2025-06-04",
      "end_date": "2025-06-07"
    },
    {
      "code": "Предпр. 8-3-3-3-0-11-19 Задушн",
      "is_weekend": true,
      "start_date": "2025-10-31",
      "end_date": "2025-11-01"
    },
    {
      "code": "FIXME Събота 2024-06-22",
      "is_weekend": "010",
      "start_date": "2024-06-22",
      "end_date": "2024-06-24"
    },
    {
      "code": "FIXME Събота Неделя ",
      "is_weekend": true,
      "start_date": "2024-11-03",
      "end_date": "2024-11-03"
    },
    {
      "code": "Предпр. 8-3-3-3-0-11-19 Задушн",
      "is_weekend": true,
      "start_date": "2025-02-23",
      "end_date": "2025-02-23"
    },
    {
      "code": "Предпр. 8-3-3-3-0-11-19 Задушн",
      "is_weekend": true,
      "start_date": "2025-06-04",
      "end_date": "2025-06-07"
    },
    {
      "code": "Предпр. 8-3-3-3-0-11-19 Задушн",
      "is_weekend": true,
      "start_date": "2025-10-31",
      "end_date": "2025-11-01"
    },
    {
      "code": "FIXME Събота 2024-06-22",
      "is_weekend": "010",
      "start_date": "2024-06-22",
      "end_date": "2024-06-24"
    },
    {
      "code": "FIXME Събота Неделя ",
      "is_weekend": true,
      "start_date": "2024-11-03",
      "end_date": "2024-11-03"
    },
    {
      "code": "Предпр. 8-3-3-3-0-11-19 Задушн",
      "is_weekend": true,
      "start_date": "2025-02-23",
      "end_date": "2025-02-23"
    },
    {
      "code": "Предпр. 8-3-3-3-0-11-19 Задушн",
      "is_weekend": true,
      "start_date": "2025-06-04",
      "end_date": "2025-06-07"
    },
    {
      "code": "Предпр. 8-3-3-3-0-11-19 Задушн",
      "is_weekend": true,
      "start_date": "2025-10-31",
      "end_date": "2025-11-01"
    },
    {
      "code": "FIXME Събота 2024-06-22",
      "is_weekend": "010",
      "start_date": "2024-06-22",
      "end_date": "2024-06-24"
    },
    {
      "code": "FIXME Събота Неделя ",
      "is_weekend": true,
      "start_date": "2024-11-03",
      "end_date": "2024-11-03"
    },
    {
      "code": "Предпр. 8-3-3-3-0-11-19 Задушн",
      "is_weekend": true,
      "start_date": "2025-02-23",
      "end_date": "2025-02-23"
    },
    {
      "code": "Предпр. 8-3-3-3-0-11-19 Задушн",
      "is_weekend": true,
      "start_date": "2025-06-04",
      "end_date": "2025-06-07"
    },
    {
      "code": "Предпр. 8-3-3-3-0-11-19 Задушн",
      "is_weekend": true,
      "start_date": "2025-10-31",
      "end_date": "2025-11-01"
    },
    {
      "code": "FIXME Събота 2024-06-22",
      "is_weekend": "010",
      "start_date": "2024-06-22",
      "end_date": "2024-06-24"
    },
    {
      "code": "FIXME Събота Неделя ",
      "is_weekend": true,
      "start_date": "2024-11-03",
      "end_date": "2024-11-03"
    },
    {
      "code": "Предпр. 8-3-3-3-0-11-19 Задушн",
      "is_weekend": true,
      "start_date": "2025-02-23",
      "end_date": "2025-02-23"
    },
    {
      "code": "Предпр. 8-3-3-3-0-11-19 Задушн",
      "is_weekend": true,
      "start_date": "2025-06-04",
      "end_date": "2025-06-07"
    },
    {
      "code": "Предпр. 8-3-3-3-0-11-19 Задушн",
      "is_weekend": true,
      "start_date": "2025-10-31",
      "end_date": "2025-11-01"
    },
    {
      "code": "FIXME Събота 2024-06-22",
      "is_weekend": "010",
      "start_date": "2024-06-22",
      "end_date": "2024-06-24"
    },
    {
      "code": "FIXME Събота Неделя ",
      "is_weekend": true,
      "start_date": "2024-11-03",
      "end_date": "2024-11-03"
    },
    {
      "code": "Предпр. 8-3-3-3-0-11-19 Задушн",
      "is_weekend": true,
      "start_date": "2025-02-23",
      "end_date": "2025-02-23"
    },
    {
      "code": "Предпр. 8-3-3-3-0-11-19 Задушн",
      "is_weekend": true,
      "start_date": "2025-06-04",
      "end_date": "2025-06-07"
    },
    {
      "code": "Предпр. 8-3-3-3-0-11-19 Задушн",
      "is_weekend": true,
      "start_date": "2025-10-31",
      "end_date": "2025-11-01"
    },
    {
      "code": "FIXME Събота 2024-06-22",
      "is_weekend": "010",
      "start_date": "2024-06-22",
      "end_date": "2024-06-24"
    },
    {
      "code": "FIXME Събота Неделя ",
      "is_weekend": true,
      "start_date": "2024-11-03",
      "end_date": "2024-11-03"
    },
    {
      "code": "Предпр. 8-3-3-3-0-11-19 Задушн",
      "is_weekend": true,
      "start_date": "2025-02-23",
      "end_date": "2025-02-23"
    },
    {
      "code": "Предпр. 8-3-3-3-0-11-19 Задушн",
      "is_weekend": true,
      "start_date": "2025-06-04",
      "end_date": "2025-06-07"
    },
    {
      "code": "Предпр. 8-3-3-3-0-11-19 Задушн",
      "is_weekend": true,
      "start_date": "2025-10-31",
      "end_date": "2025-11-01"
    },
    {
      "code": "FIXME Събота 2024-06-22",
      "is_weekend": "010",
      "start_date": "2024-06-22",
      "end_date": "2024-06-24"
    },
    {
      "code": "FIXME Събота Неделя ",
      "is_weekend": true,
      "start_date": "2024-11-03",
      "end_date": "2024-11-03"
    },
    {
      "code": "Предпр. 8-3-3-3-0-11-19 Задушн",
      "is_weekend": true,
      "start_date": "2025-02-23",
      "end_date": "2025-02-23"
    },
    {
      "code": "Предпр. 8-3-3-3-0-11-19 Задушн",
      "is_weekend": true,
      "start_date": "2025-06-04",
      "end_date": "2025-06-07"
    },
    {
      "code": "Предпр. 8-3-3-3-0-11-19 Задушн",
      "is_weekend": true,
      "start_date": "2025-10-31",
      "end_date": "2025-11-01"
    }
  ]
}