{
  "type": "bus",
  "route_ref": "N1",
  "subtype": "night",
  "schedules": [
    {
      "code": "FIXME Делник Събота Неделя 2024-01-19",
      "is_weekend": "111",
      "start_date": "2024-01-19",
      "end_date": "2024-03-29"
    },
    {
      "code": "FIXME Делник Събота Неделя 2024-03-29",
      "is_weekend": "111",
      "start_date": "2024-03-29",
      "end_date": "2024-03-31"
    },
    {
      "code": "FIXME Делник Събота Неделя 2024-04-01",
      "is_weekend": "111",
      "start_date": "2024-04-01",
      "end_date": "2024-04-06"
    },
    {
      "code": "FIXME Делник Събота Неделя 2024-04-07",
      "is_weekend": "111",
      "start_date": "2024-04-07",
      "end_date": "2024-05-04"
    },
    {
      "code": "FIXME Делник Събота Неделя 2024-05-05",
      "is_weekend": "111",
      "start_date": "2024-05-05",
      "end_date": "2024-05-08"
    },
    {
      "code": "FIXME Делник Събота Неделя 2024-05-09",
      "is_weekend": "111",
      "start_date": "2024-05-09",
      "end_date": "2024-05-12"
    },
    {
      "code": "FIXME Делник Събота Неделя 2024-05-13",
      "is_weekend": "111",
      "start_date": "2024-05-13",
      "end_date": "2024-06-10"
    },
    {
      "code": "FIXME Делник Събота Неделя 2024-06-11",
      "is_weekend": "111",
      "start_date": "2024-06-11",
      "end_date": "2024-06-30"
    },
    {
      "code": "FIXME Делник Събота Неделя 2024-06-11",
      "is_weekend": "111",
      "start_date": "2024-06-11",
      "end_date": "2024-08-01"
    },
    {
      "code": "FIXME Делник ",
      "is_weekend": false,
      "start_date": "2024-08-02",
      "end_date": "2025-02-09"
    },
    {
      "code": "FIXME Събота Неделя ",
      "is_weekend": true,
      "start_date": "2024-08-02",
      "end_date": "2025-03-08"
    },
    {
      "code": "Делник, Предпр., Пр. 27-0-0-0-",
      "is_weekend": false,
      "start_date": "2025-02-10",
      "end_date": "2025-03-08"
    },
    {
      "code": "Делник, Предпр., Пр. 27-0-0-0-",
      "is_weekend": false,
      "start_date": "2025-03-10",
      "end_date": "2025-05-07"
    },
    {
      "code": "Делник, Предпр., Пр. 29-0-0-0-",
      "is_weekend": false,
      "start_date": "2025-05-08",
      "end_date": "2025-05-09"
    },
    {
      "code": "Делник, Предпр., Пр. 27-0-0-0-",
      "is_weekend": false,
      "start_date": "2025-05-10",
      "end_date": "2025-07-14"
    },
    {
      "code": "Делник, Предпр., Пр. 29-0-0-0-",
      "is_weekend": true,
      "start_date": "2025-05-10",
      "end_date": "2025-06-06"
    },
    {
      "code": "Делник, Предпр., Пр. 30-0-0-0-",
      "is_weekend": true,
      "start_date": "2025-06-07",
      "end_date": "2024-03-22"
    },
    {
      "code": "Делник, Предпр., Пр. 31-0-0-0-",
      "is_weekend": false,
      "start_date": "2025-07-15",
      "end_date": "2024-03-22"
    },
    {
      "code": "FIXME Делник Събота Неделя 2024-01-19",
      "is_weekend": "111",
      "start_date": "2024-01-19",
      "end_date": "2024-03-29"
    },
    {
      "code": "FIXME Делник Събота Неделя 2024-03-29",
      "is_weekend": "111",
      "start_date": "2024-03-29",
      "end_date": "2024-03-31"
    },
    {
      "code": "FIXME Делник Събота Неделя 2024-04-01",
      "is_weekend": "111",
      "start_date": "2024-04-01",
      "end_date": "2024-04-06"
    },
    {
      "code": "FIXME Делник Събота Неделя 2024-04-07",
      "is_weekend": "111",
      "start_date": "2024-04-07",
      "end_date": "2024-05-04"
    },
    {
      "code": "FIXME Делник Събота Неделя 2024-05-05",
      "is_weekend": "111",
      "start_date": "2024-05-05",
      "end_date": "2024-05-08"
    },
    {
      "code": "FIXME Делник Събота Неделя 2024-05-09",
      "is_weekend": "111",
      "start_date": "2024-05-09",
      "end_date": "2024-05-12"
    },
    {
      "code": "FIXME Делник Събота Неделя 2024-05-13",
      "is_weekend": "111",
      "start_date": "2024-05-13",
      "end_date": "2024-06-10"
    },
    {
      "code": "FIXME Делник Събота Неделя 2024-06-11",
      "is_weekend": "111",
      "start_date": "2024-06-11",
      "end_date": "2024-06-30"
    },
    {
      "code": "FIXME Делник Събота Неделя 2024-06-11",
      "is_weekend": "111",
      "start_date": "2024-06-11",
      "end_date": "2024-08-01"
    },
    {
      "code": "FIXME Делник ",
      "is_weekend": false,
      "start_date": "2024-08-02",
      "end_date": "2025-02-09"
    },
    {
      "code": "FIXME Събота Неделя ",
      "is_weekend": true,
      "start_date": "2024-08-02",
      "end_date": "2025-03-08"
    },
    {
      "code": "Делник, Предпр., Пр. 27-0-0-0-",
      "is_weekend": false,
      "start_date": "2025-02-10",
      "end_date": "2025-03-08"
    },
    {
      "code": "Делник, Предпр., Пр. 27-0-0-0-",
      "is_weekend": false,
      "start_date": "2025-03-10",
      "end_date": "2025-05-07"
    },
    {
      "code": "Делник, Предпр., Пр. 29-0-0-0-",
      "is_weekend": false,
      "start_date": "2025-05-08",
      "end_date": "2025-05-09"
    },
    {
      "code": "Делник, Предпр., Пр. 27-0-0-0-",
      "is_weekend": false,
      "start_date": "2025-05-10",
      "end_date": "2025-07-14"
    },
    {
      "code": "Делник, Предпр., Пр. 29-0-0-0-",
      "is_weekend": true,
      "start_date": "2025-05-10",
      "end_date": "2025-06-06"
    },
    {
      "code": "Делник, Предпр., Пр. 30-0-0-0-",
      "is_weekend": true,
      "start_date": "2025-06-07",
      "end_date": "2025-12-30"
    },
    {
      "code": "Делник, Предпр., Пр. 31-0-0-0-",
      "is_weekend": false,
      "start_date": "2025-07-15"
    },
    {
      "code": "Делник, Предпр., Пр. 32-0-0-0-",
      "is_weekend": true,
      "start_date": "2025-12-31"
    }
  ]
}