{
  "type": "bus",
  "route_ref": "X50",
  "subtype": null,
  "schedules": [
    {
      "code": "FIXME Събота Неделя 2024-04-06",
      "is_weekend": true,
      "start_date": "2024-04-06",
      "end_date": "2024-04-12"
    },
    {
      "code": "FIXME Събота Неделя 2024-04-13",
      "is_weekend": true,
      "start_date": "2024-04-13",
      "end_date": "2024-06-30"
    },
    {
      "code": "FIXME Събота Неделя 2024-04-13",
      "is_weekend": true,
      "start_date": "2024-04-13",
      "end_date": "2024-08-01"
    },
    {
      "code": "FIXME Събота Неделя ",
      "is_weekend": true,
      "start_date": "2024-08-02",
      "end_date": "2024-11-02"
    },
    {
      "code": "FIXME Събота Неделя ",
      "is_weekend": true,
      "start_date": "2024-12-17",
      "end_date": "2025-01-07"
    },
    {
      "code": "Предпр., Пр. 18-0-1-1-0-10-24",
      "is_weekend": true,
      "start_date": "2025-04-04",
      "end_date": "2025-06-07"
    },
    {
      "code": "Предпр., Пр. 19-0-1-1-0-06-25",
      "is_weekend": true,
      "start_date": "2025-06-08",
      "end_date": "2025-06-08"
    },
    {
      "code": "Предпр., Пр. 18-0-1-1-0-10-24",
      "is_weekend": true,
      "start_date": "2025-06-14",
      "end_date": "2025-07-12"
    },
    {
      "code": "FIXME Събота Неделя 2024-04-06",
      "is_weekend": true,
      "start_date": "2024-04-06",
      "end_date": "2024-04-12"
    },
    {
      "code": "FIXME Събота Неделя 2024-04-13",
      "is_weekend": true,
      "start_date": "2024-04-13",
      "end_date": "2024-06-30"
    },
    {
      "code": "FIXME Събота Неделя 2024-04-13",
      "is_weekend": true,
      "start_date": "2024-04-13",
      "end_date": "2024-08-01"
    },
    {
      "code": "FIXME Събота Неделя ",
      "is_weekend": true,
      "start_date": "2024-08-02",
      "end_date": "2024-11-02"
    },
    {
      "code": "FIXME Събота Неделя ",
      "is_weekend": true,
      "start_date": "2024-12-17",
      "end_date": "2025-01-07"
    },
    {
      "code": "Предпр., Пр. 18-0-1-1-0-10-24",
      "is_weekend": true,
      "start_date": "2025-04-04",
      "end_date": "2025-06-07"
    },
    {
      "code": "Предпр., Пр. 19-0-1-1-0-06-25",
      "is_weekend": true,
      "start_date": "2025-06-08",
      "end_date": "2025-06-08"
    },
    {
      "code": "Предпр., Пр. 18-0-1-1-0-10-24",
      "is_weekend": true,
      "start_date": "2025-06-14",
      "end_date": "2025-07-12"
    }
  ]
}